Rk,Player,Tm,2019-20,2020-21,2021-22,2022-23,2023-24,2024-25,Signed Using,Guaranteed
1,Stephen Curry\curryst01,GSW,40231758.00 $,43006362.00 $,45780966.00 $,,,,Bird Rights,129019086.00 $
2,Chris Paul\paulch01,OKC,38506482.00 $,41358814.00 $,44211146.00 $,,,,Bird Rights,79865296.00 $
3,Russell Westbrook\westbru01,HOU,38178000.00 $,41006000.00 $,43848000.00 $,46662000.00 $,,,Bird Rights,123032000.00 $
4,John Wall\walljo01,WAS,37800000.00 $,40824000.00 $,43848000.00 $,46872000.00 $,,,Bird Rights,122472000.00 $
5,James Harden\hardeja01,HOU,37800000.00 $,40824000.00 $,43848000.00 $,46872000.00 $,,,Bird Rights,122472000.00 $
6,LeBron James\jamesle01,LAL,37436858.00 $,39219565.00 $,41002273.00 $,,,,Cap Space,76656423.00 $
7,Kevin Durant\duranke01,BRK,37199000.00 $,39058950.00 $,40918900.00 $,42778850.00 $,,,Sign and Trade,117176850.00 $
8,Blake Griffin\griffbl01,DET,34234964.00 $,36595996.00 $,38957028.00 $,,,,Bird Rights,70830960.00 $
9,Kyle Lowry\lowryky01,TOR,33296296.00 $,30000000.00 $,,,,,Bird Rights,63296296.00 $
10,Paul George\georgpa01,LAC,33005556.00 $,35450412.00 $,37895268.00 $,,,,Maximum Salary,68455968.00 $
11,Klay Thompson\thompkl01,GSW,32742000.00 $,35361360.00 $,37980720.00 $,40600080.00 $,43219440.00 $,,Bird Rights,189903600.00 $
12,Jimmy Butler\butleji01,MIA,32742000.00 $,34379100.00 $,36016200.00 $,37653300.00 $,,,Sign and Trade,103137300.00 $
13,Kemba Walker\walkeke02,BOS,32742000.00 $,34379100.00 $,36016200.00 $,37653300.00 $,,,Sign and Trade,103137300.00 $
14,Kawhi Leonard\leonaka01,LAC,32742000.00 $,34379100.00 $,36016200.00 $,,,,Cap Space,67121100.00 $
15,Gordon Hayward\haywago01,BOS,32700690.00 $,34187085.00 $,,,,,Cap space,32700690.00 $
16,Mike Conley\conlemi01,UTA,32511623.00 $,34504132.00 $,,,,,Cap Space,54938006.00 $
17,Kyrie Irving\irvinky01,BRK,31742000.00 $,33329100.00 $,34916200.00 $,36503300.00 $,,,Cap space,136490600.00 $
18,Tobias Harris\harrito02,PHI,31034483.00 $,33517241.00 $,36000000.00 $,38482759.00 $,40965517.00 $,,Bird Rights,180000000.00 $
19,Khris Middleton\middlkh01,MIL,30603448.00 $,33051724.00 $,35500000.00 $,37948276.00 $,40396552.00 $,,Bird Rights,137103448.00 $
20,Paul Millsap\millspa01,DEN,30500000.00 $,,,,,,Cap space,30500000.00 $
21,Damian Lillard\lillada01,POR,29802321.00 $,31626953.00 $,43750000.00 $,47250000.00 $,50750000.00 $,54250000.00 $,1st Round Pick,257429274.00 $
22,Kevin Love\loveke01,CLE,28900000.00 $,31300000.00 $,31300000.00 $,28900000.00 $,,,Bird Rights,120400000.00 $
23,Nikola Vučević\vucevni01,ORL,28000000.00 $,26000000.00 $,24000000.00 $,22000000.00 $,,,Bird Rights,100000000.00 $
24,Al Horford\horfoal01,PHI,28000000.00 $,27500000.00 $,27000000.00 $,26500000.00 $,,,Cap Space,97000000.00 $
25,DeMar DeRozan\derozde01,SAS,27739975.00 $,27739975.00 $,,,,,Cap Space,27739975.00 $
26,CJ McCollum\mccolcj01,POR,27556959.00 $,29354152.00 $,30864198.00 $,33333333.00 $,35802469.00 $,,1st Round Pick,156911111.00 $
27,Joel Embiid\embiijo01,PHI,27504630.00 $,29542010.00 $,31579390.00 $,33616770.00 $,,,1st Round Pick,122242800.00 $
28,Andrew Wiggins\wiggian01,GSW,27504630.00 $,29542010.00 $,31579390.00 $,33616770.00 $,,,1st Round Pick,122242800.00 $
29,Kristaps Porziņģis\porzikr01,DAL,27285000.00 $,29467800.00 $,31650600.00 $,33833400.00 $,36016200.00 $,,Bird Rights,122236800.00 $
30,D'Angelo Russell\russeda01,MIN,27285000.00 $,28649250.00 $,30013500.00 $,31377750.00 $,,,Sign and Trade,117325500.00 $
31,Otto Porter\porteot01,CHI,27250576.00 $,28489239.00 $,,,,,Bird Rights,27250576.00 $
32,Devin Booker\bookede01,PHO,27250000.00 $,29430000.00 $,31610000.00 $,33790000.00 $,35970000.00 $,,1st round pick,158050000.00 $
33,Karl-Anthony Towns\townska01,MIN,27250000.00 $,29430000.00 $,31610000.00 $,33790000.00 $,35970000.00 $,,1st Round Pick,155870000.00 $
34,Bradley Beal\bealbr01,WAS,27093019.00 $,28751775.00 $,34502130.00 $,37262300.00 $,,,Cap Space,90346924.00 $
35,Anthony Davis\davisan02,LAL,27093019.00 $,28751775.00 $,,,,,1st Round Pick,27093019.00 $
36,Andre Drummond\drumman01,CLE,27093019.00 $,28751775.00 $,,,,,Cap Space,27093019.00 $
37,Hassan Whiteside\whiteha01,POR,27093018.00 $,,,,,,Cap Space,27093018.00 $
38,Nikola Jokić\jokicni01,DEN,26573595.00 $,28542009.00 $,30510423.00 $,32478837.00 $,,,Bird Rights,118104864.00 $
39,Jrue Holiday\holidjr01,NOP,26131111.00 $,26131111.00 $,27020000.00 $,,,,Bird Rights,52262222.00 $
40,LaMarcus Aldridge\aldrila01,SAS,26000000.00 $,24000000.00 $,,,,,Cap Space,50000000.00 $
41,Steven Adams\adamsst01,OKC,25842697.00 $,27528090.00 $,,,,,1st Round Pick,53370787.00 $
42,Giannis Antetokounmpo\antetgi01,MIL,25842697.00 $,27528090.00 $,,,,,1st Round Pick,53370787.00 $
43,Marc Gasol\gasolma01,TOR,25595700.00 $,,,,,,Bird Rights,25595700.00 $
44,Nicolas Batum\batumni01,CHO,25565217.00 $,27130434.00 $,,,,,Cap Space,25565217.00 $
45,Chandler Parsons\parsoch01,ATL,25102511.00 $,,,,,,,25102511.00 $
46,Rudy Gobert\goberru01,UTA,25008427.00 $,26525281.00 $,,,,,1st Round Pick,51533708.00 $
47,Harrison Barnes\barneha02,SAC,24147727.00 $,22215909.00 $,20284091.00 $,18352273.00 $,,,Bird Rights,85000000.00 $
48,Serge Ibaka\ibakase01,TOR,23271604.00 $,,,,,,Cap space,23271604.00 $
49,Danilo Gallinari\gallida01,OKC,22615559.00 $,,,,,,Sign and Trade,22615559.00 $
50,Victor Oladipo\oladivi01,IND,21000000.00 $,21000000.00 $,,,,,1st Round Pick,42000000.00 $
51,Malcolm Brogdon\brogdma01,IND,20000000.00 $,20700000.00 $,21700000.00 $,22600000.00 $,,,Sign and Trade,85000000.00 $
52,Terry Rozier\roziete01,CHO,19894737.00 $,18900000.00 $,17905263.00 $,,,,Sign and Trade,56700000.00 $
53,Aaron Gordon\gordoaa01,ORL,19863636.00 $,18136364.00 $,16409091.00 $,,,,Bird Rights,54409091.00 $
54,Zach LaVine\lavinza01,CHI,19500000.00 $,19500000.00 $,19500000.00 $,,,,Cap space,58500000.00 $
55,Kent Bazemore\bazemke01,SAC,19269662.00 $,,,,,,Cap Space,19269662.00 $
56,Tyler Johnson\johnsty01,PHO,19245370.00 $,,,,,,,19245370.00 $
57,Goran Dragić\dragigo01,MIA,19217900.00 $,,,,,,Bird Rights,19217900.00 $
58,Jeff Teague\teaguje01,ATL,19000000.00 $,,,,,,Cap space,19000000.00 $
59,Evan Turner\turneev01,MIN,18606557.00 $,,,,,,Cap Space,18606557.00 $
60,Draymond Green\greendr01,GSW,18539130.00 $,22246956.00 $,24026712.00 $,25806469.00 $,27586225.00 $,,Bird Rights,90619267.00 $
61,Tristan Thompson\thomptr01,CLE,18539130.00 $,,,,,,Bird Rights,18539130.00 $
62,Tim Hardaway\hardati02,DAL,18150000.00 $,18975000.00 $,,,,,Cap space,18150000.00 $
63,Myles Turner\turnemy01,IND,18000000.00 $,18000000.00 $,18000000.00 $,18000000.00 $,,,1st Round pick,72000000.00 $
64,Julius Randle\randlju01,NYK,18000000.00 $,18900000.00 $,19800000.00 $,,,,Cap Space,40900000.00 $
65,Gary Harris\harriga01,DEN,17839286.00 $,19160714.00 $,20482143.00 $,,,,1st Round Pick,57482143.00 $
66,Allen Crabbe\crabbal01,MIN,17818456.00 $,,,,,,,17818456.00 $
67,Derrick Favors\favorde01,NOP,17650000.00 $,,,,,,Bird Rights,17650000.00 $
68,Reggie Jackson\jacksre01,DET,17286956.00 $,,,,,,,17286956.00 $
69,Andre Iguodala\iguodan01,MIA,17185185.00 $,15000000.00 $,15000000.00 $,,,,Bird Rights,32185185.00 $
70,Bojan Bogdanović\bogdabo02,UTA,17000000.00 $,17850000.00 $,18700000.00 $,19550000.00 $,,,Cap Space,73100000.00 $
71,Evan Fournier\fournev01,ORL,17000000.00 $,17000000.00 $,,,,,Cap Space,17000000.00 $
72,Bismack Biyombo\biyombi01,CHO,17000000.00 $,,,,,,Cap Space,17000000.00 $
73,Clint Capela\capelca01,ATL,16456522.00 $,17500000.00 $,18543478.00 $,19586957.00 $,,,Bird Rights,72086957.00 $
74,Gorgui Dieng\dienggo01,MEM,16229213.00 $,17287640.00 $,,,,,1st Round Pick,33516853.00 $
75,Ricky Rubio\rubiori01,PHO,16190476.00 $,17000000.00 $,17809524.00 $,,,,Cap Space,51000000.00 $
76,Jonas Valančiūnas\valanjo01,MEM,16000000.00 $,15000000.00 $,14000000.00 $,,,,Bird Rights,45000000.00 $
77,Brandon Knight\knighbr03,DET,15643750.00 $,,,,,,Bird Rights,15643750.00 $
78,Eric Bledsoe\bledser01,MIL,15625000.00 $,16875000.00 $,18125000.00 $,19375000.00 $,,,Bird Rights,54525000.00 $
79,Kelly Oubre\oubreke01,PHO,15625000.00 $,14375000.00 $,,,,,Bird Rights,30000000.00 $
80,Dennis Schröder\schrode01,OKC,15500000.00 $,15500000.00 $,,,,,1st Round Pick,31000000.00 $
81,Ian Mahinmi\mahinia01,WAS,15450051.00 $,,,,,,Cap Space,15450051.00 $
82,James Johnson\johnsja01,MIN,15349400.00 $,16047100.00 $,,,,,Cap space,15349400.00 $
83,Marvin Williams\willima02,CHO,15006250.00 $,,,,,,,15006250.00 $
84,Bobby Portis\portibo01,NYK,15000000.00 $,15750000.00 $,,,,,Cap Space,15000000.00 $
85,Marcus Morris\morrima03,LAC,15000000.00 $,,,,,,Cap Space,15000000.00 $
86,Danny Green\greenda02,LAL,14634146.00 $,15365854.00 $,,,,,Cap Space,30000000.00 $
87,Cody Zeller\zelleco01,CHO,14471910.00 $,15415730.00 $,,,,,1st Round Pick,29887640.00 $
88,Eric Gordon\gordoer01,HOU,14057730.00 $,16869276.00 $,18218818.00 $,19568360.00 $,20917902.00 $,,Cap Space,68714184.00 $
89,Mason Plumlee\plumlma01,DEN,14041096.00 $,,,,,,Cap space,14041096.00 $
90,Rudy Gay\gayru01,SAS,14000000.00 $,14000000.00 $,,,,,Early Bird Rights,28000000.00 $
91,J.J. Redick\redicjj01,NOP,13486300.00 $,13013700.00 $,,,,,Cap Space,26500000.00 $
92,Jordan Clarkson\clarkjo01,UTA,13437500.00 $,,,,,,Cap Space,13437500.00 $
93,Dewayne Dedmon\dedmode01,ATL,13333334.00 $,13333333.00 $,13333333.00 $,,,,Cap space,40000000.00 $
94,Solomon Hill\hillso01,MIA,13258781.00 $,,,,,,Cap Space,13258781.00 $
95,Justise Winslow\winslju01,MEM,13000000.00 $,13000000.00 $,13000000.00 $,,,,1st Round Pick,26000000.00 $
96,Michael Kidd-Gilchrist\kiddgmi01,CHO,13000000.00 $,,,,,,,13000000.00 $
97,Will Barton\bartowi01,DEN,12960000.00 $,13920000.00 $,14880000.00 $,,,,Bird Rights,26880000.00 $
98,Thaddeus Young\youngth01,CHI,12900000.00 $,13545000.00 $,14190000.00 $,,,,Cap space,32445000.00 $
99,Courtney Lee\leeco01,DAL,12759670.00 $,,,,,,Cap Space,12759670.00 $
100,Larry Nance\nancela02,CLE,12727273.00 $,11709091.00 $,10690909.00 $,9672727.00 $,,,1st Round pick,44800000.00 $
101,Marcus Smart\smartma01,BOS,12553471.00 $,13446428.00 $,14339285.00 $,,,,Bird Rights,40339184.00 $
102,Terrence Ross\rosste01,ORL,12500000.00 $,13500000.00 $,12500000.00 $,11500000.00 $,,,Bird Rights,50000000.00 $
103,Miles Plumlee\plumlmi01,MEM,12500000.00 $,,,,,,,12500000.00 $
104,Patty Mills\millspa02,SAS,12428571.00 $,13285714.00 $,,,,,Bird Rights,25714285.00 $
105,Patrick Beverley\beverpa01,LAC,12345679.00 $,13333333.00 $,14320988.00 $,,,,Bird Rights,40000000.00 $
106,Trevor Ariza\arizatr01,POR,12200000.00 $,12800000.00 $,,,,,Cap Space,14000000.00 $
107,Dion Waiters\waitedi01,MEM,12100000.00 $,12650000.00 $,,,,,,24750000.00 $
108,Brook Lopez\lopezbr01,MIL,12093024.00 $,12697675.00 $,13302325.00 $,13906976.00 $,,,Cap Space,52000000.00 $
109,Jusuf Nurkić\nurkiju01,POR,12000000.00 $,12000000.00 $,12000000.00 $,,,,Bird Rights,28000000.00 $
110,Cory Joseph\josepco01,SAC,12000000.00 $,12600000.00 $,12600000.00 $,,,,Cap Space,24600000.00 $
111,Joe Ingles\inglejo01,UTA,11954546.00 $,10863637.00 $,14000000.00 $,,,,Bird Rights,36818183.00 $
112,Kelly Olynyk\olynyke01,MIA,11667885.00 $,12198243.00 $,,,,,Cap space,11667885.00 $
113,Maurice Harkless\harklma01,NYK,11511234.00 $,,,,,,Cap Space,11511234.00 $
114,Tony Snell\snellto01,DET,11392857.00 $,12178571.00 $,,,,,Cap space,11392857.00 $
115,Robert Covington\covinro01,HOU,11301219.00 $,12138345.00 $,12975471.00 $,,,,Cap Space,36415035.00 $
116,Meyers Leonard\leoname01,MIA,11286515.00 $,,,,,,Cap Space,11286515.00 $
117,T.J. Warren\warretj01,IND,10810000.00 $,11750000.00 $,12690000.00 $,,,,1st Round Pick,35250000.00 $
118,Andre Roberson\roberan03,OKC,10740741.00 $,,,,,,Bird Rights,10740741.00 $
119,Spencer Dinwiddie\dinwisp01,BRK,10600000.00 $,11400000.00 $,12300000.00 $,,,,Minimum Salary,22000000.00 $
120,Jeremy Lamb\lambje01,IND,10500000.00 $,10500000.00 $,10500000.00 $,,,,Cap Space,31500000.00 $
121,Dwight Powell\poweldw01,DAL,10259375.00 $,10185185.00 $,11000000.00 $,11814815.00 $,,,Cap Space,43259375.00 $
122,Norman Powell\powelno01,TOR,10116576.00 $,10865952.00 $,11615328.00 $,,,,Cap Space,20982528.00 $
123,Josh Richardson\richajo01,PHI,10100000.00 $,10800000.00 $,11600000.00 $,,,,Minimum Salary,20900000.00 $
124,Tomáš Satoranský\satorto01,CHI,10000000.00 $,10000000.00 $,10000000.00 $,,,,Sign and Trade,25000000.00 $
125,DeAndre Jordan\jordade01,BRK,9881598.00 $,10375678.00 $,9881598.00 $,9821842.00 $,,,Cap space,39960716.00 $
126,Taj Gibson\gibsota01,NYK,9800000.00 $,10290000.00 $,,,,,Cap Space,9800000.00 $
127,Zion Williamson\willizi01,NOP,9757440.00 $,10245480.00 $,10733400.00 $,13534817.00 $,,,1st Round Pick,20002920.00 $
128,Markelle Fultz\fultzma01,ORL,9745200.00 $,12288697.00 $,,,,,1st Round Pick,22033897.00 $
129,John Henson\hensojo01,DET,9732396.00 $,,,,,,1st Round Pick,9732396.00 $
130,Matthew Dellavedova\dellama01,CLE,9607500.00 $,,,,,,Cap Space,9607500.00 $
131,Dante Exum\exumda01,CLE,9600000.00 $,9600000.00 $,,,,,Cap Space,18200000.00 $
132,Deandre Ayton\aytonde01,PHO,9562920.00 $,10018200.00 $,12632950.00 $,,,,1st Round Pick,19581120.00 $
133,Delon Wright\wrighde01,DAL,9473684.00 $,9000000.00 $,8526316.00 $,,,,Sign and Trade,27000000.00 $
134,Jerami Grant\grantje01,DEN,9346153.00 $,9346153.00 $,,,,,Bird Rights,9346153.00 $
135,Al-Farouq Aminu\aminual01,ORL,9258000.00 $,9720900.00 $,10183800.00 $,,,,MLE,29162700.00 $
136,George Hill\hillge01,MIL,9133907.00 $,9590602.00 $,10047297.00 $,,,,Cap Space,21000000.00 $
137,Kyle Anderson\anderky01,MEM,9073050.00 $,9505100.00 $,9937150.00 $,,,,MLE,28515300.00 $
138,Fred VanVleet\vanvlfr01,TOR,9000000.00 $,,,,,,Bird Rights,9000000.00 $
139,Ja Morant\moranja01,MEM,8730240.00 $,9166800.00 $,9603360.00 $,12119440.00 $,,,1st Round Pick,17897040.00 $
140,C.J. Miles\milescj01,WAS,8730158.00 $,,,,,,,8730158.00 $
141,Lonzo Ball\balllo01,NOP,8719320.00 $,11003782.00 $,,,,,1st Round Pick,19723102.00 $
142,E'Twaun Moore\mooreet01,NOP,8664928.00 $,,,,,,Cap Space,8664928.00 $
143,Marvin Bagley\baglema01,SAC,8556120.00 $,8963640.00 $,11312114.00 $,,,,1st Round Pick,17519760.00 $
144,Bogdan Bogdanović\bogdabo01,SAC,8529386.00 $,,,,,,Cap space,8529386.00 $
145,Tyus Jones\jonesty01,MEM,8408000.00 $,7965100.00 $,7522200.00 $,,,,MLE,23895300.00 $
146,P.J. Tucker\tuckepj01,HOU,8349039.00 $,7969537.00 $,,,,,MLE,16318576.00 $
147,Cristiano Felício\feliccr01,CHI,8156500.00 $,7529020.00 $,,,,,Cap space,15685520.00 $
148,Ben Simmons\simmobe01,PHI,8113930.00 $,29250000.00 $,31590000.00 $,33930000.00 $,36270000.00 $,38610000.00 $,1st Round pick,177763930.00 $
149,Kentavious Caldwell-Pope\caldwke01,LAL,8089282.00 $,8493746.00 $,,,,,Cap Space,8089282.00 $
150,Maxi Kleber\klebima01,DAL,8000000.00 $,8250000.00 $,8750000.00 $,9000000.00 $,,,Early Bird Rights,25000000.00 $
151,Lou Williams\willilo02,LAC,8000000.00 $,8000000.00 $,,,,,Cap Space,16000000.00 $
152,Elfrid Payton\paytoel01,NYK,8000000.00 $,8000000.00 $,,,,,Cap Space,9000000.00 $
153,Thomas Bryant\bryanth01,WAS,7936508.00 $,8333333.00 $,8730159.00 $,,,,Early Bird Rights,25000000.00 $
154,RJ Barrett\barrerj01,NYK,7839960.00 $,8231760.00 $,8623920.00 $,10900635.00 $,,,1st Round Pick,16071720.00 $
155,Jayson Tatum\tatumja01,BOS,7830000.00 $,9897120.00 $,,,,,1st Round Pick,17727120.00 $
156,Jae Crowder\crowdja01,MIA,7815533.00 $,,,,,,Bird Rights,7815533.00 $
157,Wayne Ellington\ellinwa01,NYK,7804878.00 $,8195122.00 $,,,,,Cap Space,7804878.00 $
158,Luka Dončić\doncilu01,DAL,7683360.00 $,8049360.00 $,10174391.00 $,,,,1st Round Pick,15732720.00 $
159,Joe Harris\harrijo01,BRK,7670000.00 $,,,,,,Early Bird Rights,7670000.00 $
160,Seth Curry\curryse01,DAL,7441860.00 $,7813953.00 $,8186047.00 $,8558140.00 $,,,MLE,32000000.00 $
161,Doug McDermott\mcderdo01,IND,7333334.00 $,7333333.00 $,,,,,Cap Space,14666667.00 $
162,Langston Galloway\gallola01,DET,7333333.00 $,,,,,,MLE,7333333.00 $
163,Derrick Rose\rosede01,DET,7317073.00 $,7682927.00 $,,,,,MLE,15000000.00 $
164,Brandon Ingram\ingrabr01,NOP,7265485.00 $,,,,,,1st Round pick,7265485.00 $
165,D.J. Augustin\augusdj01,ORL,7250000.00 $,,,,,,Cap Space,7250000.00 $
166,Darius Miller\milleda01,NOP,7250000.00 $,7000000.00 $,,,,,Early Bird Rights,7250000.00 $
167,De'Andre Hunter\huntede01,ATL,7068360.00 $,7422000.00 $,7775400.00 $,9835881.00 $,,,1st Round Pick,14490360.00 $
168,Josh Jackson\jacksjo02,MEM,7059480.00 $,,,,,,1st Round Pick,7059480.00 $
169,Dāvis Bertāns\bertada01,WAS,7000000.00 $,,,,,,Early Bird Rights,7000000.00 $
170,Ersan İlyasova\ilyaser01,MIL,7000000.00 $,7000000.00 $,,,,,MLE,7000000.00 $
171,Jaren Jackson\jacksja02,MEM,6927480.00 $,7257360.00 $,9180560.00 $,,,,1st Round Pick,14184840.00 $
172,DeMarre Carroll\carrode01,SAS,6842307.00 $,6167887.00 $,1252127.00 $,,,,,14262321.00 $
173,Nemanja Bjelica\bjeline01,SAC,6825000.00 $,7150000.00 $,,,,,Cap Space,6825000.00 $
174,Jaylen Brown\brownja02,BOS,6534829.00 $,22991071.00 $,24830357.00 $,26669643.00 $,28508929.00 $,,1st Round pick,109534829.00 $
175,Jabari Parker\parkeja01,SAC,6500000.00 $,6500000.00 $,,,,,Cap Space,6500000.00 $
176,Ivica Zubac\zubaciv01,LAC,6481482.00 $,7000000.00 $,7518518.00 $,7518518.00 $,,,Bird Rights,21000000.00 $
177,Joakim Noah\noahjo01,NYK,6431666.00 $,6431666.00 $,6431666.00 $,,,,,19294998.00 $
178,Darius Garland\garlada01,CLE,6400920.00 $,6720720.00 $,7040880.00 $,8920795.00 $,,,1st Round Pick,13121640.00 $
179,De'Aaron Fox\foxde01,SAC,6392760.00 $,8099627.00 $,,,,,1st Round Pick,14492387.00 $
180,Trae Young\youngtr01,ATL,6273000.00 $,6571800.00 $,8326471.00 $,,,,1st Round Pick,12844800.00 $
181,Montrezl Harrell\harremo01,LAC,6000000.00 $,,,,,,Bird Rights,6000000.00 $
182,Ish Smith\smithis01,WAS,5853659.00 $,6146341.00 $,,,,,MLE,12000000.00 $
183,Marco Belinelli\belinma01,SAS,5846154.00 $,,,,,,MLE,5846154.00 $
184,Jarrett Culver\culveja01,MIN,5813640.00 $,6104280.00 $,6395160.00 $,8109063.00 $,,,1st Round Pick,11917920.00 $
185,Jonathan Isaac\isaacjo01,ORL,5806440.00 $,7362566.00 $,,,,,1st Round Pick,13169006.00 $
186,Rodney Hood\hoodro01,POR,5718000.00 $,6003900.00 $,,,,,MLE,5718000.00 $
187,Mohamed Bamba\bambamo01,ORL,5697600.00 $,5969040.00 $,7568742.00 $,,,,1st Round Pick,11666640.00 $
188,Timofey Mozgov\mozgoti01,ORL,5573333.00 $,5573333.00 $,5573334.00 $,,,,,16720000.00 $
189,Trey Lyles\lylestr01,SAS,5500000.00 $,5500000.00 $,,,,,MLE,5500000.00 $
190,Deron Williams\willide01,BRK,5474787.00 $,,,,,,,5474787.00 $
191,Aron Baynes\baynear01,PHO,5453280.00 $,,,,,,Non-Bird Exception,5453280.00 $
192,Kris Dunn\dunnkr01,CHI,5348007.00 $,,,,,,1st Round pick,5348007.00 $
193,Josh Smith\smithjo03,DET,5331729.00 $,,,,,,,5331729.00 $
194,Coby White\whiteco01,CHI,5307120.00 $,5572680.00 $,5837760.00 $,7413955.00 $,,,1st Round Pick,10879800.00 $
195,Lauri Markkanen\markkla01,CHI,5300400.00 $,6731508.00 $,,,,,1st Round Pick,12031908.00 $
196,Ryan Anderson\anderry01,MIA,5214583.00 $,5214583.00 $,5214584.00 $,,,,,15643750.00 $
197,Wendell Carter\cartewe01,CHI,5201400.00 $,5448840.00 $,6920027.00 $,,,,1st Round Pick,10650240.00 $
198,Pau Gasol\gasolpa01,SAS,5100000.00 $,,,,,,,5100000.00 $
199,Daniel Theis\theisda01,BOS,5000000.00 $,5000000.00 $,,,,,Early Bird Rights,5000000.00 $
200,Luol Deng\denglu01,LAL,4990000.00 $,4990000.00 $,4990000.00 $,,,,,14970000.00 $
201,Jaxson Hayes\hayesja02,NOP,4862040.00 $,5105160.00 $,5348280.00 $,6803012.00 $,,,1st Round Pick,9967200.00 $
202,Buddy Hield\hieldbu01,SAC,4861208.00 $,24431818.00 $,22477273.00 $,20522727.00 $,18568182.00 $,,1st Round pick,90861208.00 $
203,Frank Ntilikina\ntilila01,NYK,4855800.00 $,6176578.00 $,,,,,1st Round Pick,11032378.00 $
204,Ed Davis\davised01,UTA,4767000.00 $,5005350.00 $,,,,,Room Exception,9772350.00 $
205,Richaun Holmes\holmeri01,SAC,4767000.00 $,5005350.00 $,,,,,Room Exception,9772350.00 $
206,Frank Kaminsky\kaminfr01,PHO,4767000.00 $,5005350.00 $,,,,,Room Exception,9772350.00 $
207,Mike Scott\scottmi01,PHI,4767000.00 $,5005350.00 $,,,,,Room Exception,9772350.00 $
208,Avery Bradley\bradlav01,LAL,4767000.00 $,5005350.00 $,,,,,Room Exception,9772350.00 $
209,Robin Lopez\lopezro01,MIL,4767000.00 $,5005350.00 $,,,,,Room Exception,4767000.00 $
210,JaMychal Green\greenja01,LAC,4767000.00 $,5005350.00 $,,,,,Room Exception,4767000.00 $
211,Justin Holiday\holidju01,IND,4767000.00 $,,,,,,Room Exception,4767000.00 $
212,Garrett Temple\templga01,BRK,4767000.00 $,5005350.00 $,,,,,Room Exception,4767000.00 $
213,Enes Kanter\kanteen01,BOS,4767000.00 $,5005350.00 $,,,,,Room Exception,4767000.00 $
214,Collin Sexton\sextoco01,CLE,4764960.00 $,4991880.00 $,6349671.00 $,,,,1st Round Pick,9756840.00 $
215,Rodney McGruder\mcgruro01,LAC,4629630.00 $,5000000.00 $,5370370.00 $,,,,Cap Space,15000000.00 $
216,Rui Hachimura\hachiru01,WAS,4469160.00 $,4692840.00 $,4916160.00 $,6263188.00 $,,,1st Round Pick,9162000.00 $
217,Kevon Looney\looneke01,GSW,4464286.00 $,4821429.00 $,5178572.00 $,,,,Bird Rights,9285715.00 $
218,Dennis Smith\smithde03,NYK,4463640.00 $,5686677.00 $,,,,,1st Round Pick,10150317.00 $
219,Jamal Murray\murraja01,DEN,4444746.00 $,29250000.00 $,31590000.00 $,33930000.00 $,36270000.00 $,38610000.00 $,1st Round pick,174094746.00 $
220,Kevin Knox\knoxke01,NYK,4380120.00 $,4588680.00 $,5845978.00 $,,,,1st Round Pick,8968800.00 $
221,Cam Reddish\reddica01,ATL,4245720.00 $,4458000.00 $,4670160.00 $,5954454.00 $,,,1st Round Pick,8703720.00 $
222,Zach Collins\colliza01,POR,4240200.00 $,5406255.00 $,,,,,1st Round Pick,9646455.00 $
223,Mikal Bridges\bridgmi01,PHO,4161000.00 $,4359000.00 $,5557725.00 $,,,,1st Round Pick,8520000.00 $
224,Alex Len\lenal01,SAC,4160000.00 $,,,,,,Room Exception,4160000.00 $
225,Cameron Johnson\johnsca02,PHO,4033440.00 $,4235160.00 $,4437000.00 $,5887899.00 $,,,1st Round Pick,8268600.00 $
226,Malik Monk\monkma01,CHO,4028400.00 $,5345687.00 $,,,,,1st Round Pick,9374087.00 $
227,Dorian Finney-Smith\finnedo01,DAL,4000000.00 $,4000000.00 $,4000000.00 $,,,,Bird Rights,12000000.00 $
228,JaVale McGee\mcgeeja01,LAL,4000000.00 $,4200000.00 $,,,,,Cap Space,8200000.00 $
229,Patrick McCaw\mccawpa01,TOR,4000000.00 $,4000000.00 $,,,,,MLE,8000000.00 $
230,Reggie Bullock\bullore01,NYK,4000000.00 $,4200000.00 $,,,,,Room Exception,5000000.00 $
231,Shai Gilgeous-Alexander\gilgesh01,OKC,3952920.00 $,4141320.00 $,5495532.00 $,,,,1st Round Pick,8094240.00 $
232,Nicolò Melli\mellini01,NOP,3902439.00 $,4097561.00 $,,,,,Room Exception,8000000.00 $
233,P.J. Washington\washipj01,CHO,3831840.00 $,4023600.00 $,4215120.00 $,5808435.00 $,,,1st Round Pick,7855440.00 $
234,Luke Kennard\kennalu01,DET,3827160.00 $,5273826.00 $,,,,,1st Round Pick,9100986.00 $
235,Miles Bridges\bridgmi02,CHO,3755400.00 $,3934320.00 $,5421493.00 $,,,,1st Round Pick,7689720.00 $
236,Jakob Poeltl\poeltja01,SAS,3754886.00 $,,,,,,1st Round pick,3754886.00 $
237,Tyler Herro\herroty01,MIA,3640200.00 $,3822240.00 $,4004280.00 $,5722116.00 $,,,1st Round Pick,7462440.00 $
238,Donovan Mitchell\mitchdo01,UTA,3635760.00 $,5195501.00 $,,,,,1st Round Pick,8831261.00 $
239,Stanley Johnson\johnsst04,TOR,3623000.00 $,3801000.00 $,,,,,Bi-annual Exception,3623000.00 $
240,Jake Layman\laymaja01,MIN,3581986.00 $,3761085.00 $,3940184.00 $,,,,Sign and Trade,11283255.00 $
241,Thon Maker\makerth01,DET,3569643.00 $,,,,,,1st Round pick,3569643.00 $
242,Jerome Robinson\robinje01,WAS,3567720.00 $,3737520.00 $,5340916.00 $,,,,1st Round Pick,7305240.00 $
243,Allonzo Trier\trieral01,NYK,3551100.00 $,,,,,,,3551100.00 $
244,Danuel House\houseda01,HOU,3540000.00 $,3717000.00 $,3894000.00 $,,,,MLE,11151000.00 $
245,Domantas Sabonis\sabondo01,IND,3529555.00 $,17187500.00 $,18562500.00 $,19937500.00 $,21312500.00 $,,1st Round pick,80529555.00 $
246,Mirza Teletović\teletmi01,MIL,3500000.00 $,3500000.00 $,,,,,,7000000.00 $
247,Boban Marjanović\marjabo01,DAL,3500000.00 $,3500000.00 $,,,,,Bi-Annual Exception,7000000.00 $
248,T.J. McConnell\mccontj01,IND,3500000.00 $,3500000.00 $,,,,,Cap Space,4500000.00 $
249,DeMarcus Cousins\couside01,LAL,3500000.00 $,,,,,,,3500000.00 $
250,Taurean Waller-Prince\princta02,BRK,3481986.00 $,13942308.00 $,15057692.00 $,,,,1st Round pick,32481986.00 $
251,Dario Šarić\saricda01,PHO,3481986.00 $,,,,,,1st Round pick,3481986.00 $
252,Romeo Langford\langfro01,BOS,3458400.00 $,3631200.00 $,3804360.00 $,5634257.00 $,,,1st Round Pick,7089600.00 $
253,Bam Adebayo\adebaba01,MIA,3454080.00 $,5115492.00 $,,,,,1st Round Pick,8569572.00 $
254,Kyle Korver\korveky01,PHO,3440000.00 $,,,,,,,3440000.00 $
255,Michael Porter\portemi01,DEN,3389400.00 $,3550800.00 $,5258735.00 $,,,,1st Round Pick,6940200.00 $
256,Denzel Valentine\valende01,CHI,3377569.00 $,,,,,,1st Round pick,3377569.00 $
257,Juan Hernangómez\hernaju01,MIN,3321030.00 $,,,,,,1st Round pick,3321030.00 $
258,Sekou Doumbouya\doumbse01,DET,3285120.00 $,3449400.00 $,3613680.00 $,5539771.00 $,,,1st Round Pick,6734520.00 $
259,Justin Jackson\jacksju01,DAL,3280920.00 $,5029650.00 $,,,,,1st Round Pick,8310570.00 $
260,Troy Brown\browntr01,WAS,3219480.00 $,3372840.00 $,5170564.00 $,,,,1st Round Pick,6592320.00 $
261,Jon Leuer\leuerjo01,MIL,3169348.00 $,3169348.00 $,3169347.00 $,,,,,9508043.00 $
262,Yogi Ferrell\ferreyo01,SAC,3150000.00 $,,,,,,Cap Space,3150000.00 $
263,Guerschon Yabusele\yabusgu01,BOS,3117240.00 $,,,,,,,3117240.00 $
264,Zhaire Smith\smithzh01,PHI,3058800.00 $,3204600.00 $,4915856.00 $,,,,1st Round Pick,6263400.00 $
265,Dwight Howard\howardw01,MEM,3039097.00 $,,,,,,,3039097.00 $
266,Khem Birch\birchkh01,ORL,3000000.00 $,3000000.00 $,,,,,Early Bird Rights,6000000.00 $
267,Ryan Arcidiacono\arcidry01,CHI,3000000.00 $,3000000.00 $,3000000.00 $,,,,Cap space,6000000.00 $
268,Quinn Cook\cookqu01,LAL,3000000.00 $,3000000.00 $,,,,,Cap Space,4000000.00 $
269,Ömer Aşık\asikom01,CHI,3000000.00 $,,,,,,,3000000.00 $
270,Nickeil Alexander-Walker\alexani01,NOP,2964840.00 $,3113160.00 $,3261480.00 $,5009633.00 $,,,1st Round Pick,6078000.00 $
271,D.J. Wilson\wilsodj01,MIL,2961120.00 $,4548280.00 $,,,,,1st Round Pick,7509400.00 $
272,Cedi Osman\osmande01,CLE,2907143.00 $,8750000.00 $,8050000.00 $,7350000.00 $,6650000.00 $,,MLE,27057143.00 $
273,Donte DiVincenzo\divindo01,MIL,2905800.00 $,3044160.00 $,4675830.00 $,,,,1st Round Pick,5949960.00 $
274,Bryn Forbes\forbebr01,SAS,2875000.00 $,,,,,,Early Bird Rights,2875000.00 $
275,Andrew Nicholson\nichoan01,POR,2844429.00 $,2844429.00 $,2844429.00 $,2844429.00 $,2844429.00 $,,,14222145.00 $
276,Goga Bitadze\bitadgo01,IND,2816760.00 $,2957520.00 $,3098400.00 $,4765339.00 $,,,1st Round Pick,5774280.00 $
277,T.J. Leaf\leaftj01,IND,2813280.00 $,4326825.00 $,,,,,1st Round Pick,7140105.00 $
278,Lonnie Walker\walkelo01,SAS,2760480.00 $,2892000.00 $,4447896.00 $,,,,1st Round Pick,5652480.00 $
279,Alex Caruso\carusal01,LAL,2750000.00 $,2750000.00 $,,,,,Room Exception,5500000.00 $
280,Malik Beasley\beaslma01,MIN,2731714.00 $,,,,,,1st Round pick,2731714.00 $
281,Luka Šamanić\samanlu01,SAS,2689920.00 $,2824320.00 $,2959080.00 $,4556983.00 $,,,1st Round Pick,5514240.00 $
282,John Collins\collijo01,ATL,2686560.00 $,4137302.00 $,,,,,1st Round Pick,6823862.00 $
283,Kevin Huerter\huertke01,ATL,2636280.00 $,2761920.00 $,4253357.00 $,,,,1st Round Pick,5398200.00 $
284,Caris LeVert\leverca01,BRK,2625718.00 $,16203704.00 $,17500000.00 $,18796296.00 $,,,1st Round pick,55125718.00 $
285,Marko Guduric\gudurma01,MEM,2625000.00 $,2750000.00 $,,,,,Bi-annual Exception,5375000.00 $
286,DeAndre' Bembry\bembrde01,ATL,2603982.00 $,,,,,,1st Round pick,2603982.00 $
287,Matisse Thybulle\thybuma01,PHI,2582160.00 $,2711280.00 $,2840160.00 $,4379527.00 $,,,1st Round Pick,5293440.00 $
288,Harry Giles\gilesha01,SAC,2578800.00 $,,,,,,1st Round Pick,2578800.00 $
289,Jeff Green\greenje02,UTA,2564753.00 $,,,,,,,2564753.00 $
290,Pau Gasol\gasolpa01,POR,2564753.00 $,,,,,,,2564753.00 $
291,Wesley Matthews\matthwe02,MIL,2564753.00 $,2692991.00 $,,,,,Minimum Salary,2564753.00 $
292,Kyle Korver\korveky01,MIL,2564753.00 $,,,,,,Minimum Salary,2564753.00 $
293,Udonis Haslem\hasleud01,MIA,2564753.00 $,,,,,,Minimum Salary,2564753.00 $
294,Jared Dudley\dudleja01,LAL,2564753.00 $,,,,,,Minimum Salary,2564753.00 $
295,Rajon Rondo\rondora01,LAL,2564753.00 $,2619605.00 $,,,,,Minimum Salary,2564753.00 $
296,Dwight Howard\howardw01,LAL,2564753.00 $,,,,,,Minimum Salary,2564753.00 $
297,Thabo Sefolosha\sefolth01,HOU,2564753.00 $,,,,,,Minimum Salary,2564753.00 $
298,Tyson Chandler\chandty01,HOU,2564753.00 $,,,,,,Minimum Salary,2564753.00 $
299,Gerald Green\greenge01,DEN,2564753.00 $,,,,,,,2564753.00 $
300,J.J. Barea\bareajo01,DAL,2564753.00 $,,,,,,Minimum Salary,2564753.00 $
301,Wilson Chandler\chandwi01,BRK,2564753.00 $,,,,,,Minimum Salary,2564753.00 $
302,Nenê Hilário\hilarne01,ATL,2564753.00 $,,,,,,,2564753.00 $
303,Vince Carter\cartevi01,ATL,2564753.00 $,,,,,,Minimum Salary,2564753.00 $
304,Josh Okogie\okogijo01,MIN,2530680.00 $,2651040.00 $,4087904.00 $,,,,1st Round Pick,5181720.00 $
305,Vincent Poirier\poirivi01,BOS,2505793.00 $,2619207.00 $,,,,,Minimum Salary,5125000.00 $
306,Rondae Hollis-Jefferson\holliro01,TOR,2500000.00 $,,,,,,MLE,2500000.00 $
307,Brandon Clarke\clarkbr01,MEM,2478840.00 $,2602920.00 $,2726880.00 $,4343920.00 $,,,1st Round Pick,5081760.00 $
308,Terrance Ferguson\fergute01,OKC,2475840.00 $,3944013.00 $,,,,,1st Round Pick,6419853.00 $
309,Grayson Allen\allengr01,MEM,2429400.00 $,2545320.00 $,4054695.00 $,,,,1st Round Pick,4974720.00 $
310,Anthony Tolliver\tollian01,SAC,2419852.00 $,,,,,,,2419852.00 $
311,Grant Williams\willigr01,BOS,2379840.00 $,2498760.00 $,2617800.00 $,4306281.00 $,,,1st Round Pick,4878600.00 $
312,Jarrett Allen\allenja01,BRK,2376840.00 $,3909902.00 $,,,,,1st Round Pick,6286742.00 $
313,Pascal Siakam\siakapa01,TOR,2351839.00 $,29000000.00 $,31320000.00 $,33640000.00 $,35960000.00 $,,1st Round pick,132271839.00 $
314,Skal Labissière\labissk01,ATL,2338847.00 $,,,,,,1st Round pick,2338847.00 $
315,Chandler Hutchison\hutchch01,CHI,2332320.00 $,2443440.00 $,4019459.00 $,,,,1st Round Pick,4775760.00 $
316,Patrick Patterson\pattepa01,LAC,2331593.00 $,,,,,,Minimum Salary,2331593.00 $
317,Dejounte Murray\murrade01,SAS,2321735.00 $,14285714.00 $,15428571.00 $,16571429.00 $,17714286.00 $,,1st Round pick,66321735.00 $
318,Alec Burks\burksal01,PHI,2320044.00 $,,,,,,Minimum Salary,2320044.00 $
319,Isaiah Thomas\thomais02,LAC,2320044.00 $,,,,,,,2320044.00 $
320,Damian Jones\jonesda03,ATL,2305057.00 $,,,,,,1st Round pick,2305057.00 $
321,Darius Bazley\bazleda01,OKC,2284800.00 $,2399160.00 $,2513040.00 $,4264629.00 $,,,1st Round Pick,4683960.00 $
322,OG Anunoby\anunoog01,TOR,2281800.00 $,3872215.00 $,,,,,1st Round Pick,6154015.00 $
323,Ante Žižić\zizican01,CLE,2281800.00 $,,,,,,1st Round Pick,2281800.00 $
324,Monta Ellis\ellismo01,IND,2245400.00 $,2245400.00 $,2245400.00 $,,,,,6736200.00 $
325,Markieff Morris\morrima02,DET,2241808.00 $,,,,,,,2241808.00 $
326,Aaron Holiday\holidaa01,IND,2239200.00 $,2345640.00 $,3980551.00 $,,,,1st Round Pick,4584840.00 $
327,Luke Kornet\kornelu01,CHI,2195122.00 $,2304878.00 $,,,,,Room Exception,4500000.00 $
328,Ty Jerome\jeromty01,PHO,2193480.00 $,2303040.00 $,2412840.00 $,4220057.00 $,,,1st Round Pick,4496520.00 $
329,Willie Cauley-Stein\caulewi01,DAL,2177483.00 $,2286357.00 $,,,,,MLE,2177483.00 $
330,Austin Rivers\riverau01,HOU,2174318.00 $,2369663.00 $,,,,,Minimum Salary,2174318.00 $
331,Carmelo Anthony\anthoca01,POR,2159029.00 $,,,,,,Minimum Salary,2159029.00 $
332,Anfernee Simons\simonan01,POR,2149560.00 $,2252040.00 $,3938818.00 $,,,,1st Round Pick,4401600.00 $
333,Matt Barnes\barnema02,SAC,2133541.00 $,,,,,,,2133541.00 $
334,Nassir Little\littlna01,POR,2105520.00 $,2210640.00 $,2316240.00 $,4171548.00 $,,,1st Round Pick,4316160.00 $
335,Torrey Craig\craigto01,DEN,2100000.00 $,,,,,,Cap Space,2100000.00 $
336,Moritz Wagner\wagnemo01,WAS,2063520.00 $,2161920.00 $,3893618.00 $,,,,1st Round Pick,4225440.00 $
337,Dylan Windler\windldy01,CLE,2035800.00 $,2137440.00 $,2239200.00 $,4037278.00 $,,,1st Round Pick,4173240.00 $
338,Caleb Swanigan\swanica01,POR,2033160.00 $,,,,,,1st Round Pick,2033160.00 $
339,Trey Burke\burketr01,PHI,2028594.00 $,,,,,,,2028594.00 $
340,Kyle O'Quinn\oquinky01,PHI,2028594.00 $,,,,,,Minimum Salary,2028594.00 $
341,Michael Carter-Williams\cartemi01,ORL,2028594.00 $,,,,,,Minimum Salary,2028594.00 $
342,Mike Muscala\muscami01,OKC,2028594.00 $,2283034.00 $,,,,,Minimum Salary,2028594.00 $
343,Nerlens Noel\noelne01,OKC,2028594.00 $,,,,,,Minimum Salary,2028594.00 $
344,Troy Daniels\danietr01,LAL,2028594.00 $,,,,,,,2028594.00 $
345,Ben McLemore\mclembe01,HOU,2028594.00 $,2283034.00 $,,,,,Minimum Salary,2028594.00 $
346,Spencer Hawes\hawessp01,MIL,2007058.00 $,,,,,,,2007058.00 $
347,Edmond Sumner\sumneed01,IND,2000000.00 $,2160000.00 $,2320000.00 $,,,,Cap Space,4160000.00 $
348,Avery Bradley\bradlav01,MEM,2000000.00 $,,,,,,,2000000.00 $
349,Noah Vonleh\vonleno01,DEN,2000000.00 $,,,,,,MLE,2000000.00 $
350,Landry Shamet\shamela01,LAC,1995120.00 $,2090040.00 $,3768342.00 $,,,,1st Round Pick,4085160.00 $
351,Mfiondu Kabengele\kabenmf01,LAC,1977000.00 $,2075880.00 $,2174880.00 $,3923484.00 $,,,1st Round Pick,4052880.00 $
352,Kyle Kuzma\kuzmaky01,LAL,1974600.00 $,3562178.00 $,,,,,1st Round Pick,5536778.00 $
353,Jordan Poole\poolejo01,GSW,1964760.00 $,2063280.00 $,2161440.00 $,3901399.00 $,,,1st Round Pick,4028040.00 $
354,Tony Bradley\bradlto01,UTA,1962360.00 $,3542060.00 $,,,,,1st Round Pick,5504420.00 $
355,Keldon Johnson\johnske04,SAS,1950600.00 $,2048040.00 $,2145720.00 $,3873025.00 $,,,1st Round Pick,3998640.00 $
356,Derrick White\whitede01,SAS,1948080.00 $,3516284.00 $,,,,,1st Round Pick,5464364.00 $
357,Robert Williams\williro04,BOS,1937520.00 $,2029920.00 $,3661976.00 $,,,,1st Round Pick,3967440.00 $
358,Josh Hart\hartjo01,NOP,1934160.00 $,3491159.00 $,,,,,1st Round Pick,5425319.00 $
359,Jacob Evans\evansja02,MIN,1925880.00 $,2017320.00 $,3641263.00 $,,,,1st Round Pick,3943200.00 $
360,Anderson Varejão\varejan01,POR,1913345.00 $,1913345.00 $,,,,,,3826690.00 $
361,Džanan Musa\musadz01,BRK,1911600.00 $,2002800.00 $,3615054.00 $,,,,1st Round Pick,3914400.00 $
362,Omari Spellman\spellom01,MIN,1897800.00 $,1988280.00 $,3588845.00 $,,,,1st Round Pick,3886080.00 $
363,Shabazz Napier\napiesh01,WAS,1882867.00 $,,,,,,Cap Space,1882867.00 $
364,Glenn Robinson\robingl02,PHI,1882867.00 $,2071978.00 $,,,,,Minimum Salary,1882867.00 $
365,James Ennis\ennisja01,ORL,1882867.00 $,2071978.00 $,,,,,Minimum Salary,1882867.00 $
366,Tim Frazier\fraziti01,DET,1882867.00 $,,,,,,,1882867.00 $
367,Larry Sanders\sandela01,MIL,1865547.00 $,1865547.00 $,1865547.00 $,,,,,5596641.00 $
368,Bruno Caboclo\cabocbr01,HOU,1845301.00 $,,,,,,Minimum Salary,1845301.00 $
369,Markieff Morris\morrima02,LAL,1750000.00 $,,,,,,DPE,1750000.00 $
370,Mario Hezonja\hezonma01,POR,1737145.00 $,1882867.00 $,,,,,Minimum Salary,3620012.00 $
371,Emmanuel Mudiay\mudiaem01,UTA,1737145.00 $,,,,,,Minimum Salary,1737145.00 $
372,Raul Neto\netora01,PHI,1737145.00 $,,,,,,Minimum Salary,1737145.00 $
373,JaKarr Sampson\sampsja02,IND,1737145.00 $,,,,,,Minimum Salary,1737145.00 $
374,Pat Connaughton\connapa01,MIL,1723050.00 $,,,,,,MLE,1723050.00 $
375,Jahlil Okafor\okafoja01,NOP,1702486.00 $,,,,,,Minimum Salary,1702486.00 $
376,Rodions Kurucs\kurucro01,BRK,1699236.00 $,1780152.00 $,1861068.00 $,,,,Cap space,3479388.00 $
377,Jonah Bolden\boldejo01,PHI,1698450.00 $,,,,,,,1698450.00 $
378,Georges Niang\niangge01,UTA,1678854.00 $,1783557.00 $,,,,,Non-Bird Exception,1678854.00 $
379,Cheick Diallo\diallch01,PHO,1678854.00 $,1824003.00 $,,,,,Minimum Salary,1678854.00 $
380,Dragan Bender\bendedr01,MIL,1678854.00 $,,,,,,,1678854.00 $
381,David Nwaba\nwabada01,BRK,1678854.00 $,,,,,,,1678854.00 $
382,Treveon Graham\grahatr01,ATL,1678854.00 $,,,,,,Minimum Salary,1678854.00 $
383,Willy Hernangómez\hernawi01,CHO,1676735.00 $,,,,,,Cap Space,1676735.00 $
384,Derrick Jones\jonesde02,MIA,1645357.00 $,,,,,,Minimum Salary,1645357.00 $
385,Jordan McRae\mcraejo01,DET,1645357.00 $,,,,,,Minimum Salary,1645357.00 $
386,Christian Wood\woodch01,DET,1645357.00 $,,,,,,Minimum Salary,1645357.00 $
387,Furkan Korkmaz\korkmfu01,PHI,1620564.00 $,1762796.00 $,,,,,Minimum Salary,1620564.00 $
388,Jordan Bell\belljo01,MEM,1620564.00 $,,,,,,,1620564.00 $
389,Justin Patton\pattoju01,DAL,1620564.00 $,,,,,,,1620564.00 $
390,Royce O'Neale\onealro01,UTA,1618520.00 $,8035714.00 $,8678571.00 $,9321429.00 $,9964286.00 $,,Cap space,37618520.00 $
391,Dillon Brooks\brookdi01,MEM,1618520.00 $,11400000.00 $,12200000.00 $,11400000.00 $,,,MLE,36618520.00 $
392,Wesley Iwundu\iwundwe01,ORL,1618520.00 $,,,,,,Cap Space,1618520.00 $
393,Abdel Nader\naderab01,OKC,1618520.00 $,1752950.00 $,,,,,Cap Space,1618520.00 $
394,Damyean Dotson\dotsoda01,NYK,1618520.00 $,,,,,,Minimum Salary,1618520.00 $
395,Frank Jackson\jacksfr01,NOP,1618520.00 $,,,,,,MLE,1618520.00 $
396,Sterling Brown\brownst02,MIL,1618520.00 $,,,,,,MLE,1618520.00 $
397,Dwayne Bacon\bacondw01,CHO,1618520.00 $,,,,,,MLE,1618520.00 $
398,Semi Ojeleye\ojelese01,BOS,1618520.00 $,1752950.00 $,,,,,Cap space,1618520.00 $
399,Chris Boucher\bouchch01,TOR,1588231.00 $,,,,,,Minimum Salary,1588231.00 $
400,Malcolm Miller\millema01,TOR,1588231.00 $,,,,,,Minimum Salary,1588231.00 $
401,Monte Morris\morrimo01,DEN,1588231.00 $,1663861.00 $,,,,,Minimum Salary,1588231.00 $
402,Mitchell Robinson\robinmi01,NYK,1559712.00 $,1663861.00 $,1802057.00 $,,,,MLE,1559712.00 $
403,Vlatko Čančar\cancavl01,DEN,1517981.00 $,898310.00 $,1782621.00 $,,,,MLE,2416291.00 $
404,Isaiah Roby\robyis01,OKC,1500000.00 $,1517981.00 $,1782621.00 $,1930681.00 $,,,MLE,3017981.00 $
405,Nigel Williams-Goss\willini01,UTA,1500000.00 $,1517981.00 $,1782621.00 $,,,,Cap Space,1500000.00 $
406,J.R. Smith\smithjr01,CLE,1456667.00 $,1456667.00 $,1456666.00 $,,,,,4370000.00 $
407,Shake Milton\miltosh01,PHI,1445697.00 $,1701593.00 $,1846738.00 $,1997718.00 $,,,Cap Space,4994028.00 $
408,Thanasis Antetokounmpo\antetth01,MIL,1445697.00 $,1701593.00 $,,,,,Minimum Salary,3147290.00 $
409,Amile Jefferson\jeffeam01,ORL,1445697.00 $,,,,,,,1445697.00 $
410,Theo Pinson\pinsoth01,NYK,1445697.00 $,1701593.00 $,,,,,Minimum Salary,1445697.00 $
411,Brad Wanamaker\wanambr01,BOS,1445697.00 $,,,,,,Minimum Salary,1445697.00 $
412,Derrick Walton\waltode01,ATL,1445697.00 $,,,,,,,1445697.00 $
413,Ryan Broekhoff\broekry01,DAL,1443842.00 $,,,,,,,1443842.00 $
414,Gary Trent\trentga02,POR,1416852.00 $,1663861.00 $,,,,,MLE,3080713.00 $
415,Isaac Bonga\bongais01,WAS,1416852.00 $,1663861.00 $,,,,,Cap Space,1416852.00 $
416,Chimezie Metu\metuch01,SAS,1416852.00 $,1663861.00 $,,,,,MLE,1416852.00 $
417,Jevon Carter\carteje01,PHO,1416852.00 $,,,,,,MInimum Salary,1416852.00 $
418,Elie Okobo\okoboel01,PHO,1416852.00 $,1663861.00 $,1802057.00 $,,,,Cap Space,1416852.00 $
419,Melvin Frazier\frazime01,ORL,1416852.00 $,1663861.00 $,,,,,MLE,1416852.00 $
420,Deonte Burton\burtode02,OKC,1416852.00 $,1663861.00 $,,,,,Minimum Salary,1416852.00 $
421,Hamidou Diallo\diallha01,OKC,1416852.00 $,1663861.00 $,,,,,MLE,1416852.00 $
422,Kenrich Williams\willike04,NOP,1416852.00 $,,,,,,Minimum Salary,1416852.00 $
423,Jarred Vanderbilt\vandeja01,MIN,1416852.00 $,1663861.00 $,,,,,Cap Space,1416852.00 $
424,Duncan Robinson\robindu01,MIA,1416852.00 $,1663861.00 $,,,,,MLE,1416852.00 $
425,Kendrick Nunn\nunnke01,MIA,1416852.00 $,1663861.00 $,,,,,Minimum Salary,1416852.00 $
426,De'Anthony Melton\meltode01,MEM,1416852.00 $,,,,,,Cap Space,1416852.00 $
427,Alize Johnson\johnsal02,IND,1416852.00 $,,,,,,Minimum Salary,1416852.00 $
428,Isaiah Hartenstein\harteis01,HOU,1416852.00 $,,,,,,,1416852.00 $
429,Sviatoslav Mykhailiuk\mykhasv01,DET,1416852.00 $,1663861.00 $,,,,,Cap Space,1416852.00 $
430,Bruce Brown\brownbr01,DET,1416852.00 $,1663861.00 $,,,,,MLE,1416852.00 $
431,Keita Bates-Diop\bateske01,DEN,1416852.00 $,1663861.00 $,,,,,MLE,1416852.00 $
432,Devonte' Graham\grahade01,CHO,1416852.00 $,1663861.00 $,,,,,MLE,1416852.00 $
433,Jalen Brunson\brunsja01,DAL,1416582.00 $,1663861.00 $,1802057.00 $,,,,Cap Space,3080443.00 $
434,Bruno Fernando\fernabr01,ATL,1400000.00 $,1517981.00 $,1782621.00 $,,,,Cap space,4700602.00 $
435,Jaylen Nowell\nowelja01,MIN,1400000.00 $,1517981.00 $,1782621.00 $,1930681.00 $,,,MLE,1400000.00 $
436,Alfonzo McKinnie\mckinal01,CLE,1361046.00 $,1762796.00 $,1910860.00 $,2165298.00 $,,,MLE,2253031.00 $
437,Kevin Porter\porteke02,CLE,1290960.00 $,2033160.00 $,2130240.00 $,3845083.00 $,,,1st Round Pick,3324120.00 $
438,Carsen Edwards\edwarca01,BOS,1228026.00 $,1517981.00 $,1782621.00 $,1930681.00 $,,,Cap space,4528628.00 $
439,Cody Martin\martico01,CHO,1173310.00 $,1517981.00 $,1782621.00 $,,,,MLE,4473912.00 $
440,Gary Payton\paytoga02,WAS,1090781.00 $,,,,,,Minimum Salary,1090781.00 $
441,George Hill\hillge01,MIL,1000000.00 $,,,,,,,21000000.00 $
442,Terance Mann\mannte01,LAC,1000000.00 $,1517984.00 $,1782621.00 $,1930681.00 $,,,Minimum Salary,2517984.00 $
443,Jonathon Simmons\simmojo02,WAS,1000000.00 $,,,,,,,1000000.00 $
444,Justin Hamilton\hamilju01,TOR,1000000.00 $,,,,,,,1000000.00 $
445,Kyle Singler\singlky01,OKC,999200.00 $,999200.00 $,999200.00 $,999200.00 $,,,,3996800.00 $
446,Marvin Williams\willima02,MIL,956349.00 $,,,,,,Minimum Salary,956349.00 $
447,David Nwaba\nwabada01,HOU,903111.00 $,1862250.00 $,,,,,MLE,903111.00 $
448,Admiral Schofield\schofad01,WAS,898310.00 $,1517981.00 $,1782621.00 $,,,,MLE,4198912.00 $
449,KZ Okpala\okpalkz01,MIA,898310.00 $,1517981.00 $,1782621.00 $,,,,MLE,4198912.00 $
450,Eric Paschall\pascher01,GSW,898310.00 $,1517981.00 $,1782621.00 $,,,,MLE,4198912.00 $
451,Nicolas Claxton\claxtni01,BRK,898310.00 $,1517981.00 $,1782621.00 $,,,,Minimum Salary,4198912.00 $
452,Justin James\jamesju01,SAC,898310.00 $,1517981.00 $,1782621.00 $,,,,Minimum Salary,2416291.00 $
453,Jalen Lecque\lecquja01,PHO,898310.00 $,1517981.00 $,1782621.00 $,1930681.00 $,,,Cap Space,2416291.00 $
454,Ignas Brazdeikis\brazdig01,NYK,898310.00 $,1517981.00 $,1782621.00 $,,,,Minimum Salary,2416291.00 $
455,Talen Horton-Tucker\hortota01,LAL,898310.00 $,1517981.00 $,,,,,Minimum Salary,2416291.00 $
456,Daniel Gafford\gaffoda01,CHI,898310.00 $,1517981.00 $,1782621.00 $,1930681.00 $,,,Minimum Salary,2416291.00 $
457,Alen Smailagić\smailal01,GSW,898310.00 $,1517981.00 $,1782621.00 $,1930681.00 $,,,MLE,2415891.00 $
458,Matt Thomas\thomama02,TOR,898310.00 $,1517981.00 $,1782621.00 $,,,,MLE,1623310.00 $
459,Miye Oni\onimi01,UTA,898310.00 $,1517981.00 $,1782621.00 $,,,,Minimum Salary,898310.00 $
460,Dewan Hernandez\hernade01,TOR,898310.00 $,1517981.00 $,1782621.00 $,,,,MLE,898310.00 $
461,Terence Davis\daviste02,TOR,898310.00 $,1517981.00 $,,,,,Minimum Salary,898310.00 $
462,Wenyen Gabriel\gabriwe01,POR,898310.00 $,,,,,,Minimum Salary,898310.00 $
463,Naz Reid\reidna01,MIN,898310.00 $,1517981.00 $,1782621.00 $,1930681.00 $,,,MLE,898310.00 $
464,Jalen McDaniels\mcdanja01,CHO,898310.00 $,1517981.00 $,1782621.00 $,1930681.00 $,,,Minimum Salary,898310.00 $
465,Caleb Martin\martica02,CHO,898310.00 $,1517981.00 $,1782621.00 $,,,,Minimum Salary,898310.00 $
466,Shaquille Harrison\harrish01,CHI,898310.00 $,,,,,,Minimum Salary,898310.00 $
467,Javonte Green\greenja02,BOS,898310.00 $,1517981.00 $,,,,,Minimum Salary,898310.00 $
468,Damion Lee\leeda03,GSW,842327.00 $,1762796.00 $,1910860.00 $,,,,MLE,1442327.00 $
469,Khyri Thomas\thomakh01,DET,838464.00 $,1663861.00 $,,,,,MLE,838464.00 $
470,DeMarre Carroll\carrode01,HOU,811447.00 $,,,,,,Minimum Salary,811447.00 $
471,Michael Kidd-Gilchrist\kiddgmi01,DAL,810763.00 $,,,,,,Minimum Salary,810763.00 $
472,Marquese Chriss\chrisma01,GSW,758804.00 $,,,,,,,2213272.00 $
473,Juwan Morgan\morgaju01,UTA,746054.00 $,,,,,,Minimum Salary,746054.00 $
474,Patrick Patterson\pattepa01,OKC,737067.00 $,737067.00 $,737066.00 $,,,,,2211200.00 $
475,Reggie Jackson\jacksre01,LAC,734025.00 $,,,,,,Minimum Salary,734025.00 $
476,Alfonzo McKinnie\mckinal01,CLE,708871.00 $,,,,,,,2253031.00 $
477,Gary Clark\clarkga01,HOU,708426.00 $,,,,,,,708426.00 $
478,Jeff Green\greenje02,HOU,695526.00 $,,,,,,Minimum Salary,840427.00 $
479,Cole Aldrich\aldrico01,MIN,685340.00 $,685340.00 $,,,,,,1370680.00 $
480,Shaun Livingston\livinsh01,GSW,666667.00 $,666667.00 $,666666.00 $,,,,,2666666.00 $
481,Marquese Chriss\chrisma01,GSW,654468.00 $,1824003.00 $,,,,,Minimum Salary,2213272.00 $
482,Timothé Luwawu-Cabarrot\luwawti01,BRK,654468.00 $,1824003.00 $,,,,,Minimum Salary,844170.00 $
483,Rayjon Tucker\tuckera01,UTA,578573.00 $,1517981.00 $,,,,,Minimum Salary,578574.00 $
484,Chris Clemons\clemoch01,HOU,568422.00 $,1517981.00 $,1782621.00 $,,,,MLE,568422.00 $
485,Gary Clark\clarkga01,ORL,555409.00 $,,,,,,Minimum Salary,718765.00 $
486,Brandon Goodwin\goodwbr01,ATL,522738.00 $,1701593.00 $,,,,,Minimum Salary,522738.00 $
487,Dion Waiters\waitedi01,LAL,503656.00 $,,,,,,Minimum Salary,503656.00 $
488,Ryan Anderson\anderry01,HOU,500000.00 $,,,,,,,500000.00 $
489,Anžejs Pasečņiks\pasecan01,WAS,482144.00 $,,,,,,Minimum Salary,482144.00 $
490,Troy Daniels\danietr01,DEN,481000.00 $,,,,,,Minimum Salary,481000.00 $
491,Chris Silva\silvach01,MIA,466918.00 $,1517981.00 $,1782621.00 $,,,,MLE,1984899.00 $
492,Dakari Johnson\johnsda04,MEM,459414.00 $,459414.00 $,,,,,,918828.00 $
493,Iman Shumpert\shumpim01,BRK,419443.00 $,,,,,,,419443.00 $
494,Max Strus\strusma01,BOS,415414.00 $,,,,,,,415414.00 $
495,Justin Robinson\robinju01,WAS,395866.00 $,,,,,,,395866.00 $
496,Dean Wade\wadede01,CLE,375000.00 $,1517981.00 $,1782621.00 $,1930681.00 $,,,MLE,375000.00 $
497,Ivan Rabb\rabbiv01,MEM,371758.00 $,,,,,,,371758.00 $
498,Norvel Pelle\pelleno01,PHI,350189.00 $,,,,,,Minimum Salary,350189.00 $
499,Ky Bowman\bowmaky01,GSW,350189.00 $,1517981.00 $,1782621.00 $,,,,MLE,350189.00 $
500,Juan Toscano-Anderson\toscaju01,GSW,350189.00 $,1517981.00 $,1782621.00 $,,,,MLE,350189.00 $
501,A.J. Hammons\hammoaj01,MIA,350087.00 $,350087.00 $,,,,,,700174.00 $
502,Festus Ezeli\ezelife01,POR,333333.00 $,,,,,,,333333.00 $
503,C.J. Watson\watsocj01,ORL,333333.00 $,,,,,,,333333.00 $
504,Anthony Tolliver\tollian01,MEM,289803.00 $,,,,,,Minimum Salary,434704.00 $
505,Joakim Noah\noahjo01,LAC,289803.00 $,1737274.00 $,,,,,Minimum Salary,434704.00 $
506,Corey Brewer\breweco01,SAC,289803.00 $,,,,,,Minimum Salary,289803.00 $
507,J.R. Smith\smithjr01,LAL,289803.00 $,,,,,,Minimum Salary,289803.00 $
508,Luc Mbah a Moute\mbahalu01,HOU,289803.00 $,,,,,,Minimum Salary,289803.00 $
509,Jamal Crawford\crawfja01,BRK,289803.00 $,,,,,,Minimum Salary,289803.00 $
510,Lance Thomas\thomala01,BRK,262152.00 $,,,,,,Minimum Salary,262152.00 $
511,Stanton Kidd\kiddst01,UTA,250000.00 $,,,,,,,250000.00 $
512,Jordan Bell\belljo01,CLE,250000.00 $,,,,,,MLE,250000.00 $
513,Tyler Zeller\zellety01,SAS,245686.00 $,2436046.00 $,,,,,Minimum Salary,245686.00 $
514,Trey Burke\burketr01,DAL,229220.00 $,,,,,,Minimum Salary,229220.00 $
515,Joe Johnson\johnsjo02,DET,220000.00 $,,,,,,,220000.00 $
516,Tyler Johnson\johnsty01,BRK,212753.00 $,,,,,,Minimum Salary,212753.00 $
517,Jemerrio Jones\jonesje01,WAS,199000.00 $,,,,,,,199000.00 $
518,Jontay Porter\portejo01,MEM,197933.00 $,1517981.00 $,,,,,Minimum Salary,197933.00 $
519,Justin Anderson\anderju01,BRK,196288.00 $,,,,,,Minimum Salary,294432.00 $
520,Jerian Grant\grantje02,WAS,196288.00 $,,,,,,Minimum Salary,196288.00 $
521,Cameron Payne\payneca01,PHO,196288.00 $,1977011.00 $,,,,,Minimum Salary,196288.00 $
522,Timothé Luwawu-Cabarrot\luwawti01,BRK,189702.00 $,,,,,,,844170.00 $
523,Dragan Bender\bendedr01,GSW,189702.00 $,,,,,,,189702.00 $
524,Mychal Mulder\muldemy01,GSW,187782.00 $,1517981.00 $,1782621.00 $,,,,Minimum Salary,238534.00 $
525,Sindarius Thornwell\thornsi01,NOP,183115.00 $,,,,,,Minimum Salary,183115.00 $
526,Justin Patton\pattoju01,DET,183115.00 $,1762796.00 $,,,,,Minimum Salary,183115.00 $
527,PJ Dozier\doziepj01,DEN,183115.00 $,,,,,,MLE,183115.00 $
528,Alfonzo McKinnie\mckinal01,CLE,183114.00 $,,,,,,,2253031.00 $
529,Gary Clark\clarkga01,ORL,163356.00 $,,,,,,,718765.00 $
530,Jarrod Uthoff\uthofja01,WAS,163356.00 $,,,,,,Minimum Salary,163356.00 $
531,Jaylen Adams\adamsja01,POR,163356.00 $,,,,,,Minimum Salary,163356.00 $
532,Joe Chealey\chealjo01,CHO,163356.00 $,,,,,,,163356.00 $
533,Luguentz Dort\dortlu01,OKC,155647.00 $,1517981.00 $,1782621.00 $,1930681.00 $,,,Minimum Salary,2298628.00 $
534,Cameron Payne\payneca01,TOR,150000.00 $,,,,,,,150000.00 $
535,Jeff Green\greenje02,HOU,144901.00 $,,,,,,,840427.00 $
536,Anthony Tolliver\tollian01,MEM,144901.00 $,,,,,,,434704.00 $
537,Joakim Noah\noahjo01,LAC,144901.00 $,,,,,,,434704.00 $
538,Troy Williams\willitr02,HOU,122741.00 $,122741.00 $,122741.00 $,122741.00 $,,,,490964.00 $
539,Johnathan Williams\willijo04,WAS,106181.00 $,,,,,,,106181.00 $
540,Tyler Cook\cookty01,CLE,101504.00 $,,,,,,,151504.00 $
541,Donta Hall\halldo01,DET,101504.00 $,,,,,,,101504.00 $
542,Donta Hall\halldo01,BRK,101504.00 $,,,,,,Minimum Salary,101504.00 $
543,Yante Maten\matenya01,MIA,100000.00 $,,,,,,,100000.00 $
544,Jaylen Adams\adamsja01,ATL,100000.00 $,,,,,,,100000.00 $
545,Justin Anderson\anderju01,BRK,98144.00 $,,,,,,,294432.00 $
546,Demetrius Jackson\jacksde01,BOS,92857.00 $,92857.00 $,92857.00 $,92857.00 $,92857.00 $,,,464285.00 $
547,Chasson Randle\randlch01,GSW,91557.00 $,,,,,,,91557.00 $
548,Jeremy Pargo\pargoje01,GSW,91557.00 $,,,,,,,91557.00 $
549,Jonah Bolden\boldejo01,PHO,81678.00 $,,,,,,,81678.00 $
550,Josh Magette\magetjo01,ORL,81678.00 $,,,,,,,81678.00 $
551,Jarrod Uthoff\uthofja01,MEM,81678.00 $,,,,,,,81678.00 $
552,Dusty Hannahs\hannadu01,MEM,81678.00 $,,,,,,,81678.00 $
553,Derrick Walton\waltode01,DET,81678.00 $,,,,,,,81678.00 $
554,Sheldon Mac\mcclesh01,CLE,81678.00 $,,,,,,,81678.00 $
555,J.P. Macura\macurjp01,CLE,81678.00 $,,,,,,,81678.00 $
556,Mychal Mulder\muldemy01,GSW,50752.00 $,,,,,,,238534.00 $
557,Eric Mika\mikaer01,SAC,50752.00 $,,,,,,,50752.00 $
558,Zach Norvell\norveza01,GSW,50752.00 $,,,,,,,50752.00 $
559,Malik Newman\newmama01,CLE,50752.00 $,,,,,,,50752.00 $
560,Marques Bolden\boldema01,CLE,50752.00 $,,,,,,,50752.00 $
561,Sir'Dominic Pointer\pointsi01,CLE,50752.00 $,,,,,,,50752.00 $
562,Paul Watson\watsopa01,ATL,50752.00 $,,,,,,,50752.00 $
563,Tyler Cook\cookty01,CLE,50000.00 $,,,,,,,151504.00 $
564,William Howard\howarwi01,UTA,50000.00 $,,,,,,,50000.00 $
565,Isaiah Taylor\taylois01,TOR,50000.00 $,,,,,,,50000.00 $
566,Tyler Lydon\lydonty01,SAC,50000.00 $,,,,,,,50000.00 $
567,Hollis Thompson\thompho01,SAC,50000.00 $,,,,,,,50000.00 $
568,Tyler Ulis\ulisty01,SAC,50000.00 $,,,,,,,50000.00 $