"","PokeDexNumber","PokeName","Type","OtherType","SumOfAttack","HitPoints","AttStrg","DefStrg","SpAttStrg","SpDefStrg","Speed","Generation","Legendary","capture_rate","height_m","weight_kg","percentage_male"
"1",1,"Bulbasaur","Grass","Poison",318,45,49,49,65,65,45,1,"False",45,0.7,6.9,88.1
"2",2,"Ivysaur","Grass","Poison",405,60,62,63,80,80,60,1,"False",45,1,13,88.1
"3",3,"Venusaur","Grass","Poison",525,80,82,83,100,100,80,1,"False",45,2,100,88.1
"4",4,"Charmander","Fire","",309,39,52,43,60,50,65,1,"False",45,0.6,8.5,88.1
"5",5,"Charmeleon","Fire","",405,58,64,58,80,65,80,1,"False",45,1.1,19,88.1
"6",6,"Charizard","Fire","Flying",534,78,84,78,109,85,100,1,"False",45,1.7,90.5,88.1
"7",7,"Squirtle","Water","",314,44,48,65,50,64,43,1,"False",45,0.5,9,88.1
"8",8,"Wartortle","Water","",405,59,63,80,65,80,58,1,"False",45,1,22.5,88.1
"9",9,"Blastoise","Water","",530,79,83,100,85,105,78,1,"False",45,1.6,85.5,88.1
"10",10,"Caterpie","Bug","",195,45,30,35,20,20,45,1,"False",255,0.3,2.9,50
"11",11,"Metapod","Bug","",205,50,20,55,25,25,30,1,"False",120,0.7,9.9,50
"12",12,"Butterfree","Bug","Flying",395,60,45,50,90,80,70,1,"False",45,1.1,32,50
"13",13,"Weedle","Bug","Poison",195,40,35,30,20,20,50,1,"False",255,0.3,3.2,50
"14",14,"Kakuna","Bug","Poison",205,45,25,50,25,25,35,1,"False",120,0.6,10,50
"15",15,"Beedrill","Bug","Poison",395,65,90,40,45,80,75,1,"False",45,1,29.5,50
"16",16,"Pidgey","Normal","Flying",251,40,45,40,35,35,56,1,"False",255,0.3,1.8,50
"17",17,"Pidgeotto","Normal","Flying",349,63,60,55,50,50,71,1,"False",120,1.1,30,50
"18",18,"Pidgeot","Normal","Flying",479,83,80,75,70,70,101,1,"False",45,1.5,39.5,50
"19",19,"Rattata","Normal","",253,30,56,35,25,35,72,1,"False",255,NA,NA,50
"20",20,"Raticate","Normal","",413,55,81,60,50,70,97,1,"False",127,NA,NA,50
"21",21,"Spearow","Normal","Flying",262,40,60,30,31,31,70,1,"False",255,0.3,2,50
"22",22,"Fearow","Normal","Flying",442,65,90,65,61,61,100,1,"False",90,1.2,38,50
"23",23,"Ekans","Poison","",288,35,60,44,40,54,55,1,"False",255,2,6.9,50
"24",24,"Arbok","Poison","",438,60,85,69,65,79,80,1,"False",90,3.5,65,50
"25",25,"Pikachu","Electric","",320,35,55,40,50,50,90,1,"False",190,0.4,6,50
"26",26,"Raichu","Electric","",485,60,90,55,90,80,110,1,"False",75,NA,NA,50
"27",27,"Sandshrew","Ground","",300,50,75,85,20,30,40,1,"False",255,NA,NA,50
"28",28,"Sandslash","Ground","",450,75,100,110,45,55,65,1,"False",90,NA,NA,50
"29",29,"Nidoran♀","Poison","",275,55,47,52,40,40,41,1,"False",235,0.4,7,0
"30",30,"Nidorina","Poison","",365,70,62,67,55,55,56,1,"False",120,0.8,20,0
"31",31,"Nidoqueen","Poison","Ground",505,90,92,87,75,85,76,1,"False",45,1.3,60,0
"32",32,"Nidoran♂","Poison","",273,46,57,40,40,40,50,1,"False",235,0.5,9,100
"33",33,"Nidorino","Poison","",365,61,72,57,55,55,65,1,"False",120,0.9,19.5,100
"34",34,"Nidoking","Poison","Ground",505,81,102,77,85,75,85,1,"False",45,1.4,62,100
"35",35,"Clefairy","Fairy","",323,70,45,48,60,65,35,1,"False",150,0.6,7.5,24.6
"36",36,"Clefable","Fairy","",483,95,70,73,95,90,60,1,"False",25,1.3,40,24.6
"37",37,"Vulpix","Fire","",299,38,41,40,50,65,65,1,"False",190,NA,NA,24.6
"38",38,"Ninetales","Fire","",505,73,76,75,81,100,100,1,"False",75,NA,NA,24.6
"39",39,"Jigglypuff","Normal","Fairy",270,115,45,20,45,25,20,1,"False",170,0.5,5.5,24.6
"40",40,"Wigglytuff","Normal","Fairy",435,140,70,45,85,50,45,1,"False",50,1,12,24.6
"41",41,"Zubat","Poison","Flying",245,40,45,35,30,40,55,1,"False",255,0.8,7.5,50
"42",42,"Golbat","Poison","Flying",455,75,80,70,65,75,90,1,"False",90,1.6,55,50
"43",43,"Oddish","Grass","Poison",320,45,50,55,75,65,30,1,"False",255,0.5,5.4,50
"44",44,"Gloom","Grass","Poison",395,60,65,70,85,75,40,1,"False",120,0.8,8.6,50
"45",45,"Vileplume","Grass","Poison",490,75,80,85,110,90,50,1,"False",45,1.2,18.6,50
"46",46,"Paras","Bug","Grass",285,35,70,55,45,55,25,1,"False",190,0.3,5.4,50
"47",47,"Parasect","Bug","Grass",405,60,95,80,60,80,30,1,"False",75,1,29.5,50
"48",48,"Venonat","Bug","Poison",305,60,55,50,40,55,45,1,"False",190,1,30,50
"49",49,"Venomoth","Bug","Poison",450,70,65,60,90,75,90,1,"False",75,1.5,12.5,50
"50",50,"Diglett","Ground","",265,10,55,25,35,45,95,1,"False",255,NA,NA,50
"51",51,"Dugtrio","Ground","",405,35,80,50,50,70,120,1,"False",50,NA,NA,50
"52",52,"Meowth","Normal","",290,40,45,35,40,40,90,1,"False",255,NA,NA,50
"53",53,"Persian","Normal","",440,65,70,60,65,65,115,1,"False",90,NA,NA,50
"54",54,"Psyduck","Water","",320,50,52,48,65,50,55,1,"False",190,0.8,19.6,50
"55",55,"Golduck","Water","",500,80,82,78,95,80,85,1,"False",75,1.7,76.6,50
"56",56,"Mankey","Fighting","",305,40,80,35,35,45,70,1,"False",190,0.5,28,50
"57",57,"Primeape","Fighting","",455,65,105,60,60,70,95,1,"False",75,1,32,50
"58",58,"Growlithe","Fire","",350,55,70,45,70,50,60,1,"False",190,0.7,19,75.4
"59",59,"Arcanine","Fire","",555,90,110,80,100,80,95,1,"False",75,1.9,155,75.4
"60",60,"Poliwag","Water","",300,40,50,40,40,40,90,1,"False",255,0.6,12.4,50
"61",61,"Poliwhirl","Water","",385,65,65,65,50,50,90,1,"False",120,1,20,50
"62",62,"Poliwrath","Water","Fighting",510,90,95,95,70,90,70,1,"False",45,1.3,54,50
"63",63,"Abra","Psychic","",310,25,20,15,105,55,90,1,"False",200,0.9,19.5,75.4
"64",64,"Kadabra","Psychic","",400,40,35,30,120,70,105,1,"False",100,1.3,56.5,75.4
"65",65,"Alakazam","Psychic","",500,55,50,45,135,95,120,1,"False",50,1.5,48,75.4
"66",66,"Machop","Fighting","",305,70,80,50,35,35,35,1,"False",180,0.8,19.5,75.4
"67",67,"Machoke","Fighting","",405,80,100,70,50,60,45,1,"False",90,1.5,70.5,75.4
"68",68,"Machamp","Fighting","",505,90,130,80,65,85,55,1,"False",45,1.6,130,75.4
"69",69,"Bellsprout","Grass","Poison",300,50,75,35,70,30,40,1,"False",255,0.7,4,50
"70",70,"Weepinbell","Grass","Poison",390,65,90,50,85,45,55,1,"False",120,1,6.4,50
"71",71,"Victreebel","Grass","Poison",490,80,105,65,100,70,70,1,"False",45,1.7,15.5,50
"72",72,"Tentacool","Water","Poison",335,40,40,35,50,100,70,1,"False",190,0.9,45.5,50
"73",73,"Tentacruel","Water","Poison",515,80,70,65,80,120,100,1,"False",60,1.6,55,50
"74",74,"Geodude","Rock","Ground",300,40,80,100,30,30,20,1,"False",255,NA,NA,50
"75",75,"Graveler","Rock","Ground",390,55,95,115,45,45,35,1,"False",120,NA,NA,50
"76",76,"Golem","Rock","Ground",495,80,120,130,55,65,45,1,"False",45,NA,NA,50
"77",77,"Ponyta","Fire","",410,50,85,55,65,65,90,1,"False",190,1,30,50
"78",78,"Rapidash","Fire","",500,65,100,70,80,80,105,1,"False",60,1.7,95,50
"79",79,"Slowpoke","Water","Psychic",315,90,65,65,40,40,15,1,"False",190,1.2,36,50
"80",80,"Slowbro","Water","Psychic",490,95,75,110,100,80,30,1,"False",75,1.6,78.5,50
"81",81,"Magnemite","Electric","Steel",325,25,35,70,95,55,45,1,"False",190,0.3,6,NA
"82",82,"Magneton","Electric","Steel",465,50,60,95,120,70,70,1,"False",60,1,60,NA
"83",83,"Farfetch'd","Normal","Flying",352,52,65,55,58,62,60,1,"False",45,0.8,15,50
"84",84,"Doduo","Normal","Flying",310,35,85,45,35,35,75,1,"False",190,1.4,39.2,50
"85",85,"Dodrio","Normal","Flying",460,60,110,70,60,60,100,1,"False",45,1.8,85.2,50
"86",86,"Seel","Water","",325,65,45,55,45,70,45,1,"False",190,1.1,90,50
"87",87,"Dewgong","Water","Ice",475,90,70,80,70,95,70,1,"False",75,1.7,120,50
"88",88,"Grimer","Poison","",325,80,80,50,40,50,25,1,"False",190,NA,NA,50
"89",89,"Muk","Poison","",500,105,105,75,65,100,50,1,"False",75,NA,NA,50
"90",90,"Shellder","Water","",305,30,65,100,45,25,40,1,"False",190,0.3,4,50
"91",91,"Cloyster","Water","Ice",525,50,95,180,85,45,70,1,"False",60,1.5,132.5,50
"92",92,"Gastly","Ghost","Poison",310,30,35,30,100,35,80,1,"False",190,1.3,0.1,50
"93",93,"Haunter","Ghost","Poison",405,45,50,45,115,55,95,1,"False",90,1.6,0.1,50
"94",94,"Gengar","Ghost","Poison",500,60,65,60,130,75,110,1,"False",45,1.5,40.5,50
"95",95,"Onix","Rock","Ground",385,35,45,160,30,45,70,1,"False",45,8.8,210,50
"96",96,"Drowzee","Psychic","",328,60,48,45,43,90,42,1,"False",190,1,32.4,50
"97",97,"Hypno","Psychic","",483,85,73,70,73,115,67,1,"False",75,1.6,75.6,50
"98",98,"Krabby","Water","",325,30,105,90,25,25,50,1,"False",225,0.4,6.5,50
"99",99,"Kingler","Water","",475,55,130,115,50,50,75,1,"False",60,1.3,60,50
"100",100,"Voltorb","Electric","",330,40,30,50,55,55,100,1,"False",190,0.5,10.4,NA
"101",101,"Electrode","Electric","",480,60,50,70,80,80,140,1,"False",60,1.2,66.6,NA
"102",102,"Exeggcute","Grass","Psychic",325,60,40,80,60,45,40,1,"False",90,0.4,2.5,50
"103",103,"Exeggutor","Grass","Psychic",520,95,95,85,125,65,55,1,"False",45,NA,NA,50
"104",104,"Cubone","Ground","",320,50,50,95,40,50,35,1,"False",190,0.4,6.5,50
"105",105,"Marowak","Ground","",425,60,80,110,50,80,45,1,"False",75,NA,NA,50
"106",106,"Hitmonlee","Fighting","",455,50,120,53,35,110,87,1,"False",45,1.5,49.8,100
"107",107,"Hitmonchan","Fighting","",455,50,105,79,35,110,76,1,"False",45,1.4,50.2,100
"108",108,"Lickitung","Normal","",385,90,55,75,60,75,30,1,"False",45,1.2,65.5,50
"109",109,"Koffing","Poison","",340,40,65,95,60,45,35,1,"False",190,0.6,1,50
"110",110,"Weezing","Poison","",490,65,90,120,85,70,60,1,"False",60,1.2,9.5,50
"111",111,"Rhyhorn","Ground","Rock",345,80,85,95,30,30,25,1,"False",120,1,115,50
"112",112,"Rhydon","Ground","Rock",485,105,130,120,45,45,40,1,"False",60,1.9,120,50
"113",113,"Chansey","Normal","",450,250,5,5,35,105,50,1,"False",30,1.1,34.6,0
"114",114,"Tangela","Grass","",435,65,55,115,100,40,60,1,"False",45,1,35,50
"115",115,"Kangaskhan","Normal","",490,105,95,80,40,80,90,1,"False",45,2.2,80,0
"116",116,"Horsea","Water","",295,30,40,70,70,25,60,1,"False",225,0.4,8,50
"117",117,"Seadra","Water","",440,55,65,95,95,45,85,1,"False",75,1.2,25,50
"118",118,"Goldeen","Water","",320,45,67,60,35,50,63,1,"False",225,0.6,15,50
"119",119,"Seaking","Water","",450,80,92,65,65,80,68,1,"False",60,1.3,39,50
"120",120,"Staryu","Water","",340,30,45,55,70,55,85,1,"False",225,0.8,34.5,NA
"121",121,"Starmie","Water","Psychic",520,60,75,85,100,85,115,1,"False",60,1.1,80,NA
"122",122,"Mr. Mime","Psychic","Fairy",460,40,45,65,100,120,90,1,"False",45,1.3,54.5,50
"123",123,"Scyther","Bug","Flying",500,70,110,80,55,80,105,1,"False",45,1.5,56,50
"124",124,"Jynx","Ice","Psychic",455,65,50,35,115,95,95,1,"False",45,1.4,40.6,0
"125",125,"Electabuzz","Electric","",490,65,83,57,95,85,105,1,"False",45,1.1,30,75.4
"126",126,"Magmar","Fire","",495,65,95,57,100,85,93,1,"False",45,1.3,44.5,75.4
"127",127,"Pinsir","Bug","",500,65,125,100,55,70,85,1,"False",45,1.5,55,50
"128",128,"Tauros","Normal","",490,75,100,95,40,70,110,1,"False",45,1.4,88.4,100
"129",129,"Magikarp","Water","",200,20,10,55,15,20,80,1,"False",255,0.9,10,50
"130",130,"Gyarados","Water","Flying",540,95,125,79,60,100,81,1,"False",45,6.5,235,50
"131",131,"Lapras","Water","Ice",535,130,85,80,85,95,60,1,"False",45,2.5,220,50
"132",132,"Ditto","Normal","",288,48,48,48,48,48,48,1,"False",35,0.3,4,NA
"133",133,"Eevee","Normal","",325,55,55,50,45,65,55,1,"False",45,0.3,6.5,88.1
"134",134,"Vaporeon","Water","",525,130,65,60,110,95,65,1,"False",45,1,29,88.1
"135",135,"Jolteon","Electric","",525,65,65,60,110,95,130,1,"False",45,0.8,24.5,88.1
"136",136,"Flareon","Fire","",525,65,130,60,95,110,65,1,"False",45,0.9,25,88.1
"137",137,"Porygon","Normal","",395,65,60,70,85,75,40,1,"False",45,0.8,36.5,NA
"138",138,"Omanyte","Rock","Water",355,35,40,100,90,55,35,1,"False",45,0.4,7.5,88.1
"139",139,"Omastar","Rock","Water",495,70,60,125,115,70,55,1,"False",45,1,35,88.1
"140",140,"Kabuto","Rock","Water",355,30,80,90,55,45,55,1,"False",45,0.5,11.5,88.1
"141",141,"Kabutops","Rock","Water",495,60,115,105,65,70,80,1,"False",45,1.3,40.5,88.1
"142",142,"Aerodactyl","Rock","Flying",515,80,105,65,60,75,130,1,"False",45,1.8,59,88.1
"143",143,"Snorlax","Normal","",540,160,110,65,65,110,30,1,"False",25,2.1,460,88.1
"144",144,"Articuno","Ice","Flying",580,90,85,100,95,125,85,1,"True",3,1.7,55.4,NA
"145",145,"Zapdos","Electric","Flying",580,90,90,85,125,90,100,1,"True",3,1.6,52.6,NA
"146",146,"Moltres","Fire","Flying",580,90,100,90,125,85,90,1,"True",3,2,60,NA
"147",147,"Dratini","Dragon","",300,41,64,45,50,50,50,1,"False",45,1.8,3.3,50
"148",148,"Dragonair","Dragon","",420,61,84,65,70,70,70,1,"False",45,4,16.5,50
"149",149,"Dragonite","Dragon","Flying",600,91,134,95,100,100,80,1,"False",45,2.2,210,50
"150",150,"Mewtwo","Psychic","",680,106,110,90,154,90,130,1,"True",3,2,122,NA
"151",151,"Mew","Psychic","",600,100,100,100,100,100,100,1,"False",45,0.4,4,NA
"152",152,"Chikorita","Grass","",318,45,49,65,49,65,45,2,"False",45,0.9,6.4,88.1
"153",153,"Bayleef","Grass","",405,60,62,80,63,80,60,2,"False",45,1.2,15.8,88.1
"154",155,"Cyndaquil","Fire","",309,39,52,43,60,50,65,2,"False",45,0.5,7.9,88.1
"155",156,"Quilava","Fire","",405,58,64,58,80,65,80,2,"False",45,0.9,19,88.1
"156",157,"Typhlosion","Fire","",534,78,84,78,109,85,100,2,"False",45,1.7,79.5,88.1
"157",158,"Totodile","Water","",314,50,65,64,44,48,43,2,"False",45,0.6,9.5,88.1
"158",159,"Croconaw","Water","",405,65,80,80,59,63,58,2,"False",45,1.1,25,88.1
"159",160,"Feraligatr","Water","",530,85,105,100,79,83,78,2,"False",45,2.3,88.8,88.1
"160",161,"Sentret","Normal","",215,35,46,34,35,45,20,2,"False",255,0.8,6,50
"161",162,"Furret","Normal","",415,85,76,64,45,55,90,2,"False",90,1.8,32.5,50
"162",163,"Hoothoot","Normal","Flying",262,60,30,30,36,56,50,2,"False",255,0.7,21.2,50
"163",164,"Noctowl","Normal","Flying",442,100,50,50,76,96,70,2,"False",90,1.6,40.8,50
"164",165,"Ledyba","Bug","Flying",265,40,20,30,40,80,55,2,"False",255,1,10.8,50
"165",166,"Ledian","Bug","Flying",390,55,35,50,55,110,85,2,"False",90,1.4,35.6,50
"166",167,"Spinarak","Bug","Poison",250,40,60,40,40,40,30,2,"False",255,0.5,8.5,50
"167",168,"Ariados","Bug","Poison",390,70,90,70,60,60,40,2,"False",90,1.1,33.5,50
"168",169,"Crobat","Poison","Flying",535,85,90,80,70,80,130,2,"False",90,1.8,75,50
"169",170,"Chinchou","Water","Electric",330,75,38,38,56,56,67,2,"False",190,0.5,12,50
"170",171,"Lanturn","Water","Electric",460,125,58,58,76,76,67,2,"False",75,1.2,22.5,50
"171",172,"Pichu","Electric","",205,20,40,15,35,35,60,2,"False",190,0.3,2,50
"172",173,"Cleffa","Fairy","",218,50,25,28,45,55,15,2,"False",150,0.3,3,24.6
"173",174,"Igglybuff","Normal","Fairy",210,90,30,15,40,20,15,2,"False",170,0.3,1,24.6
"174",175,"Togepi","Fairy","",245,35,20,65,40,65,20,2,"False",190,0.3,1.5,88.1
"175",176,"Togetic","Fairy","Flying",405,55,40,85,80,105,40,2,"False",75,0.6,3.2,88.1
"176",177,"Natu","Psychic","Flying",320,40,50,45,70,45,70,2,"False",190,0.2,2,50
"177",178,"Xatu","Psychic","Flying",470,65,75,70,95,70,95,2,"False",75,1.5,15,50
"178",179,"Mareep","Electric","",280,55,40,40,65,45,35,2,"False",235,0.6,7.8,50
"179",180,"Flaaffy","Electric","",365,70,55,55,80,60,45,2,"False",120,0.8,13.3,50
"180",181,"Ampharos","Electric","",510,90,75,85,115,90,55,2,"False",45,1.4,61.5,50
"181",182,"Bellossom","Grass","",490,75,80,95,90,100,50,2,"False",45,0.4,5.8,50
"182",183,"Marill","Water","Fairy",250,70,20,50,20,50,40,2,"False",190,0.4,8.5,50
"183",184,"Azumarill","Water","Fairy",420,100,50,80,60,80,50,2,"False",75,0.8,28.5,50
"184",185,"Sudowoodo","Rock","",410,70,100,115,30,65,30,2,"False",65,1.2,38,50
"185",186,"Politoed","Water","",500,90,75,75,90,100,70,2,"False",45,1.1,33.9,50
"186",187,"Hoppip","Grass","Flying",250,35,35,40,35,55,50,2,"False",255,0.4,0.5,50
"187",188,"Skiploom","Grass","Flying",340,55,45,50,45,65,80,2,"False",120,0.6,1,50
"188",189,"Jumpluff","Grass","Flying",460,75,55,70,55,95,110,2,"False",45,0.8,3,50
"189",190,"Aipom","Normal","",360,55,70,55,40,55,85,2,"False",45,0.8,11.5,50
"190",191,"Sunkern","Grass","",180,30,30,30,30,30,30,2,"False",235,0.3,1.8,50
"191",192,"Sunflora","Grass","",425,75,75,55,105,85,30,2,"False",120,0.8,8.5,50
"192",193,"Yanma","Bug","Flying",390,65,65,45,75,45,95,2,"False",75,1.2,38,50
"193",194,"Wooper","Water","Ground",210,55,45,45,25,25,15,2,"False",255,0.4,8.5,50
"194",195,"Quagsire","Water","Ground",430,95,85,85,65,65,35,2,"False",90,1.4,75,50
"195",196,"Espeon","Psychic","",525,65,65,60,130,95,110,2,"False",45,0.9,26.5,88.1
"196",197,"Umbreon","Dark","",525,95,65,110,60,130,65,2,"False",45,1,27,88.1
"197",198,"Murkrow","Dark","Flying",405,60,85,42,85,42,91,2,"False",30,0.5,2.1,50
"198",199,"Slowking","Water","Psychic",490,95,75,80,100,110,30,2,"False",70,2,79.5,50
"199",200,"Misdreavus","Ghost","",435,60,60,60,85,85,85,2,"False",45,0.7,1,50
"200",201,"Unown","Psychic","",336,48,72,48,72,48,48,2,"False",225,0.5,5,NA
"201",202,"Wobbuffet","Psychic","",405,190,33,58,33,58,33,2,"False",45,1.3,28.5,50
"202",203,"Girafarig","Normal","Psychic",455,70,80,65,90,65,85,2,"False",60,1.5,41.5,50
"203",204,"Pineco","Bug","",290,50,65,90,35,35,15,2,"False",190,0.6,7.2,50
"204",205,"Forretress","Bug","Steel",465,75,90,140,60,60,40,2,"False",75,1.2,125.8,50
"205",206,"Dunsparce","Normal","",415,100,70,70,65,65,45,2,"False",190,1.5,14,50
"206",207,"Gligar","Ground","Flying",430,65,75,105,35,65,85,2,"False",60,1.1,64.8,50
"207",208,"Steelix","Steel","Ground",510,75,85,200,55,65,30,2,"False",25,9.2,400,50
"208",209,"Snubbull","Fairy","",300,60,80,50,40,40,30,2,"False",190,0.6,7.8,24.6
"209",210,"Granbull","Fairy","",450,90,120,75,60,60,45,2,"False",75,1.4,48.7,24.6
"210",211,"Qwilfish","Water","Poison",430,65,95,75,55,55,85,2,"False",45,0.5,3.9,50
"211",212,"Scizor","Bug","Steel",500,70,130,100,55,80,65,2,"False",25,1.8,118,50
"212",213,"Shuckle","Bug","Rock",505,20,10,230,10,230,5,2,"False",190,0.6,20.5,50
"213",214,"Heracross","Bug","Fighting",500,80,125,75,40,95,85,2,"False",45,1.5,54,50
"214",215,"Sneasel","Dark","Ice",430,55,95,55,35,75,115,2,"False",60,0.9,28,50
"215",216,"Teddiursa","Normal","",330,60,80,50,50,50,40,2,"False",120,0.6,8.8,50
"216",217,"Ursaring","Normal","",500,90,130,75,75,75,55,2,"False",60,1.8,125.8,50
"217",218,"Slugma","Fire","",250,40,40,40,70,40,20,2,"False",190,0.7,35,50
"218",219,"Magcargo","Fire","Rock",410,50,50,120,80,80,30,2,"False",75,0.8,55,50
"219",220,"Swinub","Ice","Ground",250,50,50,40,30,30,50,2,"False",225,0.4,6.5,50
"220",221,"Piloswine","Ice","Ground",450,100,100,80,60,60,50,2,"False",75,1.1,55.8,50
"221",222,"Corsola","Water","Rock",380,55,55,85,65,85,35,2,"False",60,0.6,5,24.6
"222",223,"Remoraid","Water","",300,35,65,35,65,35,65,2,"False",190,0.6,12,50
"223",224,"Octillery","Water","",480,75,105,75,105,75,45,2,"False",75,0.9,28.5,50
"224",225,"Delibird","Ice","Flying",330,45,55,45,65,45,75,2,"False",45,0.9,16,50
"225",226,"Mantine","Water","Flying",465,65,40,70,80,140,70,2,"False",25,2.1,220,50
"226",227,"Skarmory","Steel","Flying",465,65,80,140,40,70,70,2,"False",25,1.7,50.5,50
"227",228,"Houndour","Dark","Fire",330,45,60,30,80,50,65,2,"False",120,0.6,10.8,50
"228",229,"Houndoom","Dark","Fire",500,75,90,50,110,80,95,2,"False",45,1.4,35,50
"229",230,"Kingdra","Water","Dragon",540,75,95,95,95,95,85,2,"False",45,1.8,152,50
"230",231,"Phanpy","Ground","",330,90,60,60,40,40,40,2,"False",120,0.5,33.5,50
"231",232,"Donphan","Ground","",500,90,120,120,60,60,50,2,"False",60,1.1,120,50
"232",233,"Porygon2","Normal","",515,85,80,90,105,95,60,2,"False",45,0.6,32.5,NA
"233",234,"Stantler","Normal","",465,73,95,62,85,65,85,2,"False",45,1.4,71.2,50
"234",235,"Smeargle","Normal","",250,55,20,35,20,45,75,2,"False",45,1.2,58,50
"235",236,"Tyrogue","Fighting","",210,35,35,35,35,35,35,2,"False",75,0.7,21,100
"236",237,"Hitmontop","Fighting","",455,50,95,95,35,110,70,2,"False",45,1.4,48,100
"237",238,"Smoochum","Ice","Psychic",305,45,30,15,85,65,65,2,"False",45,0.4,6,0
"238",239,"Elekid","Electric","",360,45,63,37,65,55,95,2,"False",45,0.6,23.5,75.4
"239",240,"Magby","Fire","",365,45,75,37,70,55,83,2,"False",45,0.7,21.4,75.4
"240",241,"Miltank","Normal","",490,95,80,105,40,70,100,2,"False",45,1.2,75.5,0
"241",242,"Blissey","Normal","",540,255,10,10,75,135,55,2,"False",30,1.5,46.8,0
"242",243,"Raikou","Electric","",580,90,85,75,115,100,115,2,"True",3,1.9,178,NA
"243",244,"Entei","Fire","",580,115,115,85,90,75,100,2,"True",3,2.1,198,NA
"244",245,"Suicune","Water","",580,100,75,115,90,115,85,2,"True",3,2,187,NA
"245",246,"Larvitar","Rock","Ground",300,50,64,50,45,50,41,2,"False",45,0.6,72,50
"246",247,"Pupitar","Rock","Ground",410,70,84,70,65,70,51,2,"False",45,1.2,152,50
"247",248,"Tyranitar","Rock","Dark",600,100,134,110,95,100,61,2,"False",45,2,202,50
"248",249,"Lugia","Psychic","Flying",680,106,90,130,90,154,110,2,"True",3,5.2,216,NA
"249",250,"Ho-oh","Fire","Flying",680,106,130,90,110,154,90,2,"True",3,3.8,199,NA
"250",251,"Celebi","Psychic","Grass",600,100,100,100,100,100,100,2,"False",45,0.6,5,NA
"251",252,"Treecko","Grass","",310,40,45,35,65,55,70,3,"False",45,0.5,5,88.1
"252",253,"Grovyle","Grass","",405,50,65,45,85,65,95,3,"False",45,0.9,21.6,88.1
"253",254,"Sceptile","Grass","",530,70,85,65,105,85,120,3,"False",45,1.7,52.2,88.1
"254",255,"Torchic","Fire","",310,45,60,40,70,50,45,3,"False",45,0.4,2.5,88.1
"255",256,"Combusken","Fire","Fighting",405,60,85,60,85,60,55,3,"False",45,0.9,19.5,88.1
"256",257,"Blaziken","Fire","Fighting",530,80,120,70,110,70,80,3,"False",45,1.9,52,88.1
"257",258,"Mudkip","Water","",310,50,70,50,50,50,40,3,"False",45,0.4,7.6,88.1
"258",259,"Marshtomp","Water","Ground",405,70,85,70,60,70,50,3,"False",45,0.7,28,88.1
"259",260,"Swampert","Water","Ground",535,100,110,90,85,90,60,3,"False",45,1.5,81.9,88.1
"260",261,"Poochyena","Dark","",220,35,55,35,30,30,35,3,"False",255,0.5,13.6,50
"261",262,"Mightyena","Dark","",420,70,90,70,60,60,70,3,"False",127,1,37,50
"262",263,"Zigzagoon","Normal","",240,38,30,41,30,41,60,3,"False",255,0.4,17.5,50
"263",264,"Linoone","Normal","",420,78,70,61,50,61,100,3,"False",90,0.5,32.5,50
"264",265,"Wurmple","Bug","",195,45,45,35,20,30,20,3,"False",255,0.3,3.6,50
"265",266,"Silcoon","Bug","",205,50,35,55,25,25,15,3,"False",120,0.6,10,50
"266",267,"Beautifly","Bug","Flying",395,60,70,50,100,50,65,3,"False",45,1,28.4,50
"267",268,"Cascoon","Bug","",205,50,35,55,25,25,15,3,"False",120,0.7,11.5,50
"268",269,"Dustox","Bug","Poison",385,60,50,70,50,90,65,3,"False",45,1.2,31.6,50
"269",270,"Lotad","Water","Grass",220,40,30,30,40,50,30,3,"False",255,0.5,2.6,50
"270",271,"Lombre","Water","Grass",340,60,50,50,60,70,50,3,"False",120,1.2,32.5,50
"271",272,"Ludicolo","Water","Grass",480,80,70,70,90,100,70,3,"False",45,1.5,55,50
"272",273,"Seedot","Grass","",220,40,40,50,30,30,30,3,"False",255,0.5,4,50
"273",274,"Nuzleaf","Grass","Dark",340,70,70,40,60,40,60,3,"False",120,1,28,50
"274",275,"Shiftry","Grass","Dark",480,90,100,60,90,60,80,3,"False",45,1.3,59.6,50
"275",276,"Taillow","Normal","Flying",270,40,55,30,30,30,85,3,"False",200,0.3,2.3,50
"276",277,"Swellow","Normal","Flying",430,60,85,60,50,50,125,3,"False",45,0.7,19.8,50
"277",278,"Wingull","Water","Flying",270,40,30,30,55,30,85,3,"False",190,0.6,9.5,50
"278",279,"Pelipper","Water","Flying",430,60,50,100,85,70,65,3,"False",45,1.2,28,50
"279",280,"Ralts","Psychic","Fairy",198,28,25,25,45,35,40,3,"False",235,0.4,6.6,50
"280",281,"Kirlia","Psychic","Fairy",278,38,35,35,65,55,50,3,"False",120,0.8,20.2,50
"281",282,"Gardevoir","Psychic","Fairy",518,68,65,65,125,115,80,3,"False",45,1.6,48.4,50
"282",283,"Surskit","Bug","Water",269,40,30,32,50,52,65,3,"False",200,0.5,1.7,50
"283",284,"Masquerain","Bug","Flying",414,70,60,62,80,82,60,3,"False",75,0.8,3.6,50
"284",285,"Shroomish","Grass","",295,60,40,60,40,60,35,3,"False",255,0.4,4.5,50
"285",286,"Breloom","Grass","Fighting",460,60,130,80,60,60,70,3,"False",90,1.2,39.2,50
"286",287,"Slakoth","Normal","",280,60,60,60,35,35,30,3,"False",255,0.8,24,50
"287",288,"Vigoroth","Normal","",440,80,80,80,55,55,90,3,"False",120,1.4,46.5,50
"288",289,"Slaking","Normal","",670,150,160,100,95,65,100,3,"False",45,2,130.5,50
"289",290,"Nincada","Bug","Ground",266,31,45,90,30,30,40,3,"False",255,0.5,5.5,50
"290",291,"Ninjask","Bug","Flying",456,61,90,45,50,50,160,3,"False",120,0.8,12,50
"291",292,"Shedinja","Bug","Ghost",236,1,90,45,30,30,40,3,"False",45,0.8,1.2,NA
"292",293,"Whismur","Normal","",240,64,51,23,51,23,28,3,"False",190,0.6,16.3,50
"293",294,"Loudred","Normal","",360,84,71,43,71,43,48,3,"False",120,1,40.5,50
"294",295,"Exploud","Normal","",490,104,91,63,91,73,68,3,"False",45,1.5,84,50
"295",296,"Makuhita","Fighting","",237,72,60,30,20,30,25,3,"False",180,1,86.4,75.4
"296",297,"Hariyama","Fighting","",474,144,120,60,40,60,50,3,"False",200,2.3,253.8,75.4
"297",298,"Azurill","Normal","Fairy",190,50,20,40,20,40,20,3,"False",150,0.2,2,24.6
"298",299,"Nosepass","Rock","",375,30,45,135,45,90,30,3,"False",255,1,97,50
"299",300,"Skitty","Normal","",260,50,45,45,35,35,50,3,"False",255,0.6,11,24.6
"300",301,"Delcatty","Normal","",380,70,65,65,55,55,70,3,"False",60,1.1,32.6,24.6
"301",302,"Sableye","Dark","Ghost",380,50,75,75,65,65,50,3,"False",45,0.5,11,50
"302",303,"Mawile","Steel","Fairy",380,50,85,85,55,55,50,3,"False",45,0.6,11.5,50
"303",304,"Aron","Steel","Rock",330,50,70,100,40,40,30,3,"False",180,0.4,60,50
"304",305,"Lairon","Steel","Rock",430,60,90,140,50,50,40,3,"False",90,0.9,120,50
"305",306,"Aggron","Steel","Rock",530,70,110,180,60,60,50,3,"False",45,2.1,360,50
"306",307,"Meditite","Fighting","Psychic",280,30,40,55,40,55,60,3,"False",180,0.6,11.2,50
"307",308,"Medicham","Fighting","Psychic",410,60,60,75,60,75,80,3,"False",90,1.3,31.5,50
"308",309,"Electrike","Electric","",295,40,45,40,65,40,65,3,"False",120,0.6,15.2,50
"309",310,"Manectric","Electric","",475,70,75,60,105,60,105,3,"False",45,1.5,40.2,50
"310",311,"Plusle","Electric","",405,60,50,40,85,75,95,3,"False",200,0.4,4.2,50
"311",312,"Minun","Electric","",405,60,40,50,75,85,95,3,"False",200,0.4,4.2,50
"312",313,"Volbeat","Bug","",400,65,73,55,47,75,85,3,"False",150,0.7,17.7,100
"313",314,"Illumise","Bug","",400,65,47,55,73,75,85,3,"False",150,0.6,17.7,0
"314",315,"Roselia","Grass","Poison",400,50,60,45,100,80,65,3,"False",150,0.3,2,50
"315",316,"Gulpin","Poison","",302,70,43,53,43,53,40,3,"False",225,0.4,10.3,50
"316",317,"Swalot","Poison","",467,100,73,83,73,83,55,3,"False",75,1.7,80,50
"317",318,"Carvanha","Water","Dark",305,45,90,20,65,20,65,3,"False",225,0.8,20.8,50
"318",319,"Sharpedo","Water","Dark",460,70,120,40,95,40,95,3,"False",60,1.8,88.8,50
"319",320,"Wailmer","Water","",400,130,70,35,70,35,60,3,"False",125,2,130,50
"320",321,"Wailord","Water","",500,170,90,45,90,45,60,3,"False",60,14.5,398,50
"321",322,"Numel","Fire","Ground",305,60,60,40,65,45,35,3,"False",255,0.7,24,50
"322",323,"Camerupt","Fire","Ground",460,70,100,70,105,75,40,3,"False",150,1.9,220,50
"323",324,"Torkoal","Fire","",470,70,85,140,85,70,20,3,"False",90,0.5,80.4,50
"324",325,"Spoink","Psychic","",330,60,25,35,70,80,60,3,"False",255,0.7,30.6,50
"325",326,"Grumpig","Psychic","",470,80,45,65,90,110,80,3,"False",60,0.9,71.5,50
"326",327,"Spinda","Normal","",360,60,60,60,60,60,60,3,"False",255,1.1,5,50
"327",328,"Trapinch","Ground","",290,45,100,45,45,45,10,3,"False",255,0.7,15,50
"328",329,"Vibrava","Ground","Dragon",340,50,70,50,50,50,70,3,"False",120,1.1,15.3,50
"329",330,"Flygon","Ground","Dragon",520,80,100,80,80,80,100,3,"False",45,2,82,50
"330",331,"Cacnea","Grass","",335,50,85,40,85,40,35,3,"False",190,0.4,51.3,50
"331",332,"Cacturne","Grass","Dark",475,70,115,60,115,60,55,3,"False",60,1.3,77.4,50
"332",333,"Swablu","Normal","Flying",310,45,40,60,40,75,50,3,"False",255,0.4,1.2,50
"333",334,"Altaria","Dragon","Flying",490,75,70,90,70,105,80,3,"False",45,1.1,20.6,50
"334",335,"Zangoose","Normal","",458,73,115,60,60,60,90,3,"False",90,1.3,40.3,50
"335",336,"Seviper","Poison","",458,73,100,60,100,60,65,3,"False",90,2.7,52.5,50
"336",337,"Lunatone","Rock","Psychic",440,70,55,65,95,85,70,3,"False",45,1,168,NA
"337",338,"Solrock","Rock","Psychic",440,70,95,85,55,65,70,3,"False",45,1.2,154,NA
"338",339,"Barboach","Water","Ground",288,50,48,43,46,41,60,3,"False",190,0.4,1.9,50
"339",340,"Whiscash","Water","Ground",468,110,78,73,76,71,60,3,"False",75,0.9,23.6,50
"340",341,"Corphish","Water","",308,43,80,65,50,35,35,3,"False",205,0.6,11.5,50
"341",342,"Crawdaunt","Water","Dark",468,63,120,85,90,55,55,3,"False",155,1.1,32.8,50
"342",343,"Baltoy","Ground","Psychic",300,40,40,55,40,70,55,3,"False",255,0.5,21.5,NA
"343",344,"Claydol","Ground","Psychic",500,60,70,105,70,120,75,3,"False",90,1.5,108,NA
"344",345,"Lileep","Rock","Grass",355,66,41,77,61,87,23,3,"False",45,1,23.8,88.1
"345",346,"Cradily","Rock","Grass",495,86,81,97,81,107,43,3,"False",45,1.5,60.4,88.1
"346",347,"Anorith","Rock","Bug",355,45,95,50,40,50,75,3,"False",45,0.7,12.5,88.1
"347",348,"Armaldo","Rock","Bug",495,75,125,100,70,80,45,3,"False",45,1.5,68.2,88.1
"348",349,"Feebas","Water","",200,20,15,20,10,55,80,3,"False",255,0.6,7.4,50
"349",350,"Milotic","Water","",540,95,60,79,100,125,81,3,"False",60,6.2,162,50
"350",351,"Castform","Normal","",420,70,70,70,70,70,70,3,"False",45,0.3,0.8,50
"351",352,"Kecleon","Normal","",440,60,90,70,60,120,40,3,"False",200,1,22,50
"352",353,"Shuppet","Ghost","",295,44,75,35,63,33,45,3,"False",225,0.6,2.3,50
"353",354,"Banette","Ghost","",455,64,115,65,83,63,65,3,"False",45,1.1,12.5,50
"354",355,"Duskull","Ghost","",295,20,40,90,30,90,25,3,"False",190,0.8,15,50
"355",356,"Dusclops","Ghost","",455,40,70,130,60,130,25,3,"False",90,1.6,30.6,50
"356",357,"Tropius","Grass","Flying",460,99,68,83,72,87,51,3,"False",200,2,100,50
"357",358,"Chimecho","Psychic","",425,65,50,70,95,80,65,3,"False",45,0.6,1,50
"358",359,"Absol","Dark","",465,65,130,60,75,60,75,3,"False",30,1.2,47,50
"359",360,"Wynaut","Psychic","",260,95,23,48,23,48,23,3,"False",125,0.6,14,50
"360",361,"Snorunt","Ice","",300,50,50,50,50,50,50,3,"False",190,0.7,16.8,50
"361",362,"Glalie","Ice","",480,80,80,80,80,80,80,3,"False",75,1.5,256.5,50
"362",363,"Spheal","Ice","Water",290,70,40,50,55,50,25,3,"False",255,0.8,39.5,50
"363",364,"Sealeo","Ice","Water",410,90,60,70,75,70,45,3,"False",120,1.1,87.6,50
"364",365,"Walrein","Ice","Water",530,110,80,90,95,90,65,3,"False",45,1.4,150.6,50
"365",366,"Clamperl","Water","",345,35,64,85,74,55,32,3,"False",255,0.4,52.5,50
"366",367,"Huntail","Water","",485,55,104,105,94,75,52,3,"False",60,1.7,27,50
"367",368,"Gorebyss","Water","",485,55,84,105,114,75,52,3,"False",60,1.8,22.6,50
"368",369,"Relicanth","Water","Rock",485,100,90,130,45,65,55,3,"False",25,1,23.4,88.1
"369",370,"Luvdisc","Water","",330,43,30,55,40,65,97,3,"False",225,0.6,8.7,24.6
"370",371,"Bagon","Dragon","",300,45,75,60,40,30,50,3,"False",45,0.6,42.1,50
"371",372,"Shelgon","Dragon","",420,65,95,100,60,50,50,3,"False",45,1.1,110.5,50
"372",373,"Salamence","Dragon","Flying",600,95,135,80,110,80,100,3,"False",45,1.5,102.6,50
"373",374,"Beldum","Steel","Psychic",300,40,55,80,35,60,30,3,"False",3,0.6,95.2,NA
"374",375,"Metang","Steel","Psychic",420,60,75,100,55,80,50,3,"False",3,1.2,202.5,NA
"375",376,"Metagross","Steel","Psychic",600,80,135,130,95,90,70,3,"False",3,1.6,550,NA
"376",377,"Regirock","Rock","",580,80,100,200,50,100,50,3,"True",3,1.7,230,NA
"377",378,"Regice","Ice","",580,80,50,100,100,200,50,3,"True",3,1.8,175,NA
"378",379,"Registeel","Steel","",580,80,75,150,75,150,50,3,"True",3,1.9,205,NA
"379",380,"Latias","Dragon","Psychic",600,80,80,90,110,130,110,3,"True",3,1.4,40,0
"380",381,"Latios","Dragon","Psychic",600,80,90,80,130,110,110,3,"True",3,2,60,100
"381",382,"Kyogre","Water","",670,100,100,90,150,140,90,3,"True",3,4.5,352,NA
"382",382,"KyogrePrimal Kyogre","Water","",770,100,150,90,180,160,90,3,"True",3,4.5,352,NA
"383",383,"Groudon","Ground","",670,100,150,140,100,90,90,3,"True",3,3.5,950,NA
"384",383,"GroudonPrimal Groudon","Ground","Fire",770,100,180,160,150,90,90,3,"True",3,3.5,950,NA
"385",384,"Rayquaza","Dragon","Flying",680,105,150,90,150,90,95,3,"True",45,7,206.5,NA
"386",385,"Jirachi","Steel","Psychic",600,100,100,100,100,100,100,3,"True",3,0.3,1.1,NA
"387",386,"DeoxysNormal Forme","Psychic","",600,50,150,50,150,50,150,3,"True",3,1.7,60.8,NA
"388",386,"DeoxysAttack Forme","Psychic","",600,50,180,20,180,20,150,3,"True",3,1.7,60.8,NA
"389",386,"DeoxysDefense Forme","Psychic","",600,50,70,160,70,160,90,3,"True",3,1.7,60.8,NA
"390",386,"DeoxysSpeed Forme","Psychic","",600,50,95,90,95,90,180,3,"True",3,1.7,60.8,NA
"391",387,"Turtwig","Grass","",318,55,68,64,45,55,31,4,"False",45,0.4,10.2,88.1
"392",388,"Grotle","Grass","",405,75,89,85,55,65,36,4,"False",45,1.1,97,88.1
"393",389,"Torterra","Grass","Ground",525,95,109,105,75,85,56,4,"False",45,2.2,310,88.1
"394",390,"Chimchar","Fire","",309,44,58,44,58,44,61,4,"False",45,0.5,6.2,88.1
"395",391,"Monferno","Fire","Fighting",405,64,78,52,78,52,81,4,"False",45,0.9,22,88.1
"396",392,"Infernape","Fire","Fighting",534,76,104,71,104,71,108,4,"False",45,1.2,55,88.1
"397",393,"Piplup","Water","",314,53,51,53,61,56,40,4,"False",45,0.4,5.2,88.1
"398",394,"Prinplup","Water","",405,64,66,68,81,76,50,4,"False",45,0.8,23,88.1
"399",395,"Empoleon","Water","Steel",530,84,86,88,111,101,60,4,"False",45,1.7,84.5,88.1
"400",396,"Starly","Normal","Flying",245,40,55,30,30,30,60,4,"False",255,0.3,2,50
"401",397,"Staravia","Normal","Flying",340,55,75,50,40,40,80,4,"False",120,0.6,15.5,50
"402",398,"Staraptor","Normal","Flying",485,85,120,70,50,60,100,4,"False",45,1.2,24.9,50
"403",399,"Bidoof","Normal","",250,59,45,40,35,40,31,4,"False",255,0.5,20,50
"404",400,"Bibarel","Normal","Water",410,79,85,60,55,60,71,4,"False",127,1,31.5,50
"405",401,"Kricketot","Bug","",194,37,25,41,25,41,25,4,"False",255,0.3,2.2,50
"406",402,"Kricketune","Bug","",384,77,85,51,55,51,65,4,"False",45,1,25.5,50
"407",403,"Shinx","Electric","",263,45,65,34,40,34,45,4,"False",235,0.5,9.5,50
"408",404,"Luxio","Electric","",363,60,85,49,60,49,60,4,"False",120,0.9,30.5,50
"409",405,"Luxray","Electric","",523,80,120,79,95,79,70,4,"False",45,1.4,42,50
"410",406,"Budew","Grass","Poison",280,40,30,35,50,70,55,4,"False",255,0.2,1.2,50
"411",407,"Roserade","Grass","Poison",515,60,70,65,125,105,90,4,"False",75,0.9,14.5,50
"412",408,"Cranidos","Rock","",350,67,125,40,30,30,58,4,"False",45,0.9,31.5,88.1
"413",409,"Rampardos","Rock","",495,97,165,60,65,50,58,4,"False",45,1.6,102.5,88.1
"414",410,"Shieldon","Rock","Steel",350,30,42,118,42,88,30,4,"False",45,0.5,57,88.1
"415",411,"Bastiodon","Rock","Steel",495,60,52,168,47,138,30,4,"False",45,1.3,149.5,88.1
"416",412,"Burmy","Bug","",224,40,29,45,29,45,36,4,"False",120,0.2,3.4,50
"417",413,"WormadamPlant Cloak","Bug","Grass",424,60,59,85,79,105,36,4,"False",45,0.5,6.5,0
"418",413,"WormadamSandy Cloak","Bug","Ground",424,60,79,105,59,85,36,4,"False",45,0.5,6.5,0
"419",413,"WormadamTrash Cloak","Bug","Steel",424,60,69,95,69,95,36,4,"False",45,0.5,6.5,0
"420",414,"Mothim","Bug","Flying",424,70,94,50,94,50,66,4,"False",45,0.9,23.3,100
"421",415,"Combee","Bug","Flying",244,30,30,42,30,42,70,4,"False",120,0.3,5.5,88.1
"422",416,"Vespiquen","Bug","Flying",474,70,80,102,80,102,40,4,"False",45,1.2,38.5,0
"423",417,"Pachirisu","Electric","",405,60,45,70,45,90,95,4,"False",200,0.4,3.9,50
"424",418,"Buizel","Water","",330,55,65,35,60,30,85,4,"False",190,0.7,29.5,50
"425",419,"Floatzel","Water","",495,85,105,55,85,50,115,4,"False",75,1.1,33.5,50
"426",420,"Cherubi","Grass","",275,45,35,45,62,53,35,4,"False",190,0.4,3.3,50
"427",421,"Cherrim","Grass","",450,70,60,70,87,78,85,4,"False",75,0.5,9.3,50
"428",422,"Shellos","Water","",325,76,48,48,57,62,34,4,"False",190,0.3,6.3,50
"429",423,"Gastrodon","Water","Ground",475,111,83,68,92,82,39,4,"False",75,0.9,29.9,50
"430",424,"Ambipom","Normal","",482,75,100,66,60,66,115,4,"False",45,1.2,20.3,50
"431",425,"Drifloon","Ghost","Flying",348,90,50,34,60,44,70,4,"False",125,0.4,1.2,50
"432",426,"Drifblim","Ghost","Flying",498,150,80,44,90,54,80,4,"False",60,1.2,15,50
"433",427,"Buneary","Normal","",350,55,66,44,44,56,85,4,"False",190,0.4,5.5,50
"434",428,"Lopunny","Normal","",480,65,76,84,54,96,105,4,"False",60,1.2,33.3,50
"435",429,"Mismagius","Ghost","",495,60,60,60,105,105,105,4,"False",45,0.9,4.4,50
"436",430,"Honchkrow","Dark","Flying",505,100,125,52,105,52,71,4,"False",30,0.9,27.3,50
"437",431,"Glameow","Normal","",310,49,55,42,42,37,85,4,"False",190,0.5,3.9,24.6
"438",432,"Purugly","Normal","",452,71,82,64,64,59,112,4,"False",75,1,43.8,24.6
"439",433,"Chingling","Psychic","",285,45,30,50,65,50,45,4,"False",120,0.2,0.6,50
"440",434,"Stunky","Poison","Dark",329,63,63,47,41,41,74,4,"False",225,0.4,19.2,50
"441",435,"Skuntank","Poison","Dark",479,103,93,67,71,61,84,4,"False",60,1,38,50
"442",436,"Bronzor","Steel","Psychic",300,57,24,86,24,86,23,4,"False",255,0.5,60.5,NA
"443",437,"Bronzong","Steel","Psychic",500,67,89,116,79,116,33,4,"False",90,1.3,187,NA
"444",438,"Bonsly","Rock","",290,50,80,95,10,45,10,4,"False",255,0.5,15,50
"445",439,"Mime Jr.","Psychic","Fairy",310,20,25,45,70,90,60,4,"False",145,0.6,13,50
"446",440,"Happiny","Normal","",220,100,5,5,15,65,30,4,"False",130,0.6,24.4,0
"447",441,"Chatot","Normal","Flying",411,76,65,45,92,42,91,4,"False",30,0.5,1.9,50
"448",442,"Spiritomb","Ghost","Dark",485,50,92,108,92,108,35,4,"False",100,1,108,50
"449",443,"Gible","Dragon","Ground",300,58,70,45,40,45,42,4,"False",45,0.7,20.5,50
"450",444,"Gabite","Dragon","Ground",410,68,90,65,50,55,82,4,"False",45,1.4,56,50
"451",445,"Garchomp","Dragon","Ground",600,108,130,95,80,85,102,4,"False",45,1.9,95,50
"452",446,"Munchlax","Normal","",390,135,85,40,40,85,5,4,"False",50,0.6,105,88.1
"453",447,"Riolu","Fighting","",285,40,70,40,35,40,60,4,"False",75,0.7,20.2,88.1
"454",448,"Lucario","Fighting","Steel",525,70,110,70,115,70,90,4,"False",45,1.2,54,88.1
"455",449,"Hippopotas","Ground","",330,68,72,78,38,42,32,4,"False",140,0.8,49.5,50
"456",450,"Hippowdon","Ground","",525,108,112,118,68,72,47,4,"False",60,2,300,50
"457",451,"Skorupi","Poison","Bug",330,40,50,90,30,55,65,4,"False",120,0.8,12,50
"458",452,"Drapion","Poison","Dark",500,70,90,110,60,75,95,4,"False",45,1.3,61.5,50
"459",453,"Croagunk","Poison","Fighting",300,48,61,40,61,40,50,4,"False",140,0.7,23,50
"460",454,"Toxicroak","Poison","Fighting",490,83,106,65,86,65,85,4,"False",75,1.3,44.4,50
"461",455,"Carnivine","Grass","",454,74,100,72,90,72,46,4,"False",200,1.4,27,50
"462",456,"Finneon","Water","",330,49,49,56,49,61,66,4,"False",190,0.4,7,50
"463",457,"Lumineon","Water","",460,69,69,76,69,86,91,4,"False",75,1.2,24,50
"464",458,"Mantyke","Water","Flying",345,45,20,50,60,120,50,4,"False",25,1,65,50
"465",459,"Snover","Grass","Ice",334,60,62,50,62,60,40,4,"False",120,1,50.5,50
"466",460,"Abomasnow","Grass","Ice",494,90,92,75,92,85,60,4,"False",60,2.2,135.5,50
"467",461,"Weavile","Dark","Ice",510,70,120,65,45,85,125,4,"False",45,1.1,34,50
"468",462,"Magnezone","Electric","Steel",535,70,70,115,130,90,60,4,"False",30,1.2,180,NA
"469",463,"Lickilicky","Normal","",515,110,85,95,80,95,50,4,"False",30,1.7,140,50
"470",464,"Rhyperior","Ground","Rock",535,115,140,130,55,55,40,4,"False",30,2.4,282.8,50
"471",465,"Tangrowth","Grass","",535,100,100,125,110,50,50,4,"False",30,2,128.6,50
"472",466,"Electivire","Electric","",540,75,123,67,95,85,95,4,"False",30,1.8,138.6,75.4
"473",467,"Magmortar","Fire","",540,75,95,67,125,95,83,4,"False",30,1.6,68,75.4
"474",468,"Togekiss","Fairy","Flying",545,85,50,95,120,115,80,4,"False",30,1.5,38,88.1
"475",469,"Yanmega","Bug","Flying",515,86,76,86,116,56,95,4,"False",30,1.9,51.5,50
"476",470,"Leafeon","Grass","",525,65,110,130,60,65,95,4,"False",45,1,25.5,88.1
"477",471,"Glaceon","Ice","",525,65,60,110,130,95,65,4,"False",45,0.8,25.9,88.1
"478",472,"Gliscor","Ground","Flying",510,75,95,125,45,75,95,4,"False",30,2,42.5,50
"479",473,"Mamoswine","Ice","Ground",530,110,130,80,70,60,80,4,"False",50,2.5,291,50
"480",474,"Porygon-Z","Normal","",535,85,80,70,135,75,90,4,"False",30,0.9,34,NA
"481",475,"Gallade","Psychic","Fighting",518,68,125,65,65,115,80,4,"False",45,1.6,52,100
"482",476,"Probopass","Rock","Steel",525,60,55,145,75,150,40,4,"False",60,1.4,340,50
"483",477,"Dusknoir","Ghost","",525,45,100,135,65,135,45,4,"False",45,2.2,106.6,50
"484",478,"Froslass","Ice","Ghost",480,70,80,70,80,70,110,4,"False",75,1.3,26.6,0
"485",479,"Rotom","Electric","Ghost",440,50,50,77,95,77,91,4,"False",45,0.3,0.3,NA
"486",479,"RotomHeat Rotom","Electric","Fire",520,50,65,107,105,107,86,4,"False",45,0.3,0.3,NA
"487",479,"RotomWash Rotom","Electric","Water",520,50,65,107,105,107,86,4,"False",45,0.3,0.3,NA
"488",479,"RotomFrost Rotom","Electric","Ice",520,50,65,107,105,107,86,4,"False",45,0.3,0.3,NA
"489",479,"RotomFan Rotom","Electric","Flying",520,50,65,107,105,107,86,4,"False",45,0.3,0.3,NA
"490",479,"RotomMow Rotom","Electric","Grass",520,50,65,107,105,107,86,4,"False",45,0.3,0.3,NA
"491",480,"Uxie","Psychic","",580,75,75,130,75,130,95,4,"True",3,0.3,0.3,NA
"492",481,"Mesprit","Psychic","",580,80,105,105,105,105,80,4,"True",3,0.3,0.3,NA
"493",482,"Azelf","Psychic","",580,75,125,70,125,70,115,4,"True",3,0.3,0.3,NA
"494",483,"Dialga","Steel","Dragon",680,100,120,120,150,100,90,4,"True",3,5.4,683,NA
"495",484,"Palkia","Water","Dragon",680,90,120,100,150,120,100,4,"True",3,4.2,336,NA
"496",485,"Heatran","Fire","Steel",600,91,90,106,130,106,77,4,"True",3,1.7,430,50
"497",486,"Regigigas","Normal","",670,110,160,110,80,110,100,4,"True",3,3.7,420,NA
"498",487,"GiratinaAltered Forme","Ghost","Dragon",680,150,100,120,100,120,90,4,"True",3,4.5,750,NA
"499",487,"GiratinaOrigin Forme","Ghost","Dragon",680,150,120,100,120,100,90,4,"True",3,4.5,750,NA
"500",488,"Cresselia","Psychic","",600,120,70,120,75,130,85,4,"False",3,1.5,85.6,0
"501",489,"Phione","Water","",480,80,80,80,80,80,80,4,"False",30,0.4,3.1,NA
"502",490,"Manaphy","Water","",600,100,100,100,100,100,100,4,"False",3,0.3,1.4,NA
"503",491,"Darkrai","Dark","",600,70,90,90,135,90,125,4,"True",3,1.5,50.5,NA
"504",492,"ShayminLand Forme","Grass","",600,100,100,100,100,100,100,4,"True",45,0.2,2.1,NA
"505",492,"ShayminSky Forme","Grass","Flying",600,100,103,75,120,75,127,4,"True",45,0.2,2.1,NA
"506",493,"Arceus","Normal","",720,120,120,120,120,120,120,4,"True",3,3.2,320,NA
"507",494,"Victini","Psychic","Fire",600,100,100,100,100,100,100,5,"True",3,0.4,4,NA
"508",495,"Snivy","Grass","",308,45,45,55,45,55,63,5,"False",45,0.6,8.1,88.1
"509",496,"Servine","Grass","",413,60,60,75,60,75,83,5,"False",45,0.8,16,88.1
"510",497,"Serperior","Grass","",528,75,75,95,75,95,113,5,"False",45,3.3,63,88.1
"511",498,"Tepig","Fire","",308,65,63,45,45,45,45,5,"False",45,0.5,9.9,88.1
"512",499,"Pignite","Fire","Fighting",418,90,93,55,70,55,55,5,"False",45,1,55.5,88.1
"513",500,"Emboar","Fire","Fighting",528,110,123,65,100,65,65,5,"False",45,1.6,150,88.1
"514",501,"Oshawott","Water","",308,55,55,45,63,45,45,5,"False",45,0.5,5.9,88.1
"515",502,"Dewott","Water","",413,75,75,60,83,60,60,5,"False",45,0.8,24.5,88.1
"516",503,"Samurott","Water","",528,95,100,85,108,70,70,5,"False",45,1.5,94.6,88.1
"517",504,"Patrat","Normal","",255,45,55,39,35,39,42,5,"False",255,0.5,11.6,50
"518",505,"Watchog","Normal","",420,60,85,69,60,69,77,5,"False",255,1.1,27,50
"519",506,"Lillipup","Normal","",275,45,60,45,25,45,55,5,"False",255,0.4,4.1,50
"520",507,"Herdier","Normal","",370,65,80,65,35,65,60,5,"False",120,0.9,14.7,50
"521",508,"Stoutland","Normal","",500,85,110,90,45,90,80,5,"False",45,1.2,61,50
"522",509,"Purrloin","Dark","",281,41,50,37,50,37,66,5,"False",255,0.4,10.1,50
"523",510,"Liepard","Dark","",446,64,88,50,88,50,106,5,"False",90,1.1,37.5,50
"524",511,"Pansage","Grass","",316,50,53,48,53,48,64,5,"False",190,0.6,10.5,88.1
"525",512,"Simisage","Grass","",498,75,98,63,98,63,101,5,"False",75,1.1,30.5,88.1
"526",513,"Pansear","Fire","",316,50,53,48,53,48,64,5,"False",190,0.6,11,88.1
"527",514,"Simisear","Fire","",498,75,98,63,98,63,101,5,"False",75,1,28,88.1
"528",515,"Panpour","Water","",316,50,53,48,53,48,64,5,"False",190,0.6,13.5,88.1
"529",516,"Simipour","Water","",498,75,98,63,98,63,101,5,"False",75,1,29,88.1
"530",517,"Munna","Psychic","",292,76,25,45,67,55,24,5,"False",190,0.6,23.3,50
"531",518,"Musharna","Psychic","",487,116,55,85,107,95,29,5,"False",75,1.1,60.5,50
"532",519,"Pidove","Normal","Flying",264,50,55,50,36,30,43,5,"False",255,0.3,2.1,50
"533",520,"Tranquill","Normal","Flying",358,62,77,62,50,42,65,5,"False",120,0.6,15,50
"534",521,"Unfezant","Normal","Flying",488,80,115,80,65,55,93,5,"False",45,1.2,29,50
"535",522,"Blitzle","Electric","",295,45,60,32,50,32,76,5,"False",190,0.8,29.8,50
"536",523,"Zebstrika","Electric","",497,75,100,63,80,63,116,5,"False",75,1.6,79.5,50
"537",524,"Roggenrola","Rock","",280,55,75,85,25,25,15,5,"False",255,0.4,18,50
"538",525,"Boldore","Rock","",390,70,105,105,50,40,20,5,"False",120,0.9,102,50
"539",526,"Gigalith","Rock","",515,85,135,130,60,80,25,5,"False",45,1.7,260,50
"540",527,"Woobat","Psychic","Flying",313,55,45,43,55,43,72,5,"False",190,0.4,2.1,50
"541",528,"Swoobat","Psychic","Flying",425,67,57,55,77,55,114,5,"False",45,0.9,10.5,50
"542",529,"Drilbur","Ground","",328,60,85,40,30,45,68,5,"False",120,0.3,8.5,50
"543",530,"Excadrill","Ground","Steel",508,110,135,60,50,65,88,5,"False",60,0.7,40.4,50
"544",531,"Audino","Normal","",445,103,60,86,60,86,50,5,"False",255,1.1,31,50
"545",532,"Timburr","Fighting","",305,75,80,55,25,35,35,5,"False",180,0.6,12.5,75.4
"546",533,"Gurdurr","Fighting","",405,85,105,85,40,50,40,5,"False",90,1.2,40,75.4
"547",534,"Conkeldurr","Fighting","",505,105,140,95,55,65,45,5,"False",45,1.4,87,75.4
"548",535,"Tympole","Water","",294,50,50,40,50,40,64,5,"False",255,0.5,4.5,50
"549",536,"Palpitoad","Water","Ground",384,75,65,55,65,55,69,5,"False",120,0.8,17,50
"550",537,"Seismitoad","Water","Ground",509,105,95,75,85,75,74,5,"False",45,1.5,62,50
"551",538,"Throh","Fighting","",465,120,100,85,30,85,45,5,"False",45,1.3,55.5,100
"552",539,"Sawk","Fighting","",465,75,125,75,30,75,85,5,"False",45,1.4,51,100
"553",540,"Sewaddle","Bug","Grass",310,45,53,70,40,60,42,5,"False",255,0.3,2.5,50
"554",541,"Swadloon","Bug","Grass",380,55,63,90,50,80,42,5,"False",120,0.5,7.3,50
"555",542,"Leavanny","Bug","Grass",500,75,103,80,70,80,92,5,"False",45,1.2,20.5,50
"556",543,"Venipede","Bug","Poison",260,30,45,59,30,39,57,5,"False",255,0.4,5.3,50
"557",544,"Whirlipede","Bug","Poison",360,40,55,99,40,79,47,5,"False",120,1.2,58.5,50
"558",545,"Scolipede","Bug","Poison",485,60,100,89,55,69,112,5,"False",45,2.5,200.5,50
"559",546,"Cottonee","Grass","Fairy",280,40,27,60,37,50,66,5,"False",190,0.3,0.6,50
"560",547,"Whimsicott","Grass","Fairy",480,60,67,85,77,75,116,5,"False",75,0.7,6.6,50
"561",548,"Petilil","Grass","",280,45,35,50,70,50,30,5,"False",190,0.5,6.6,0
"562",549,"Lilligant","Grass","",480,70,60,75,110,75,90,5,"False",75,1.1,16.3,0
"563",550,"Basculin","Water","",460,70,92,65,80,55,98,5,"False",25,1,18,50
"564",551,"Sandile","Ground","Dark",292,50,72,35,35,35,65,5,"False",180,0.7,15.2,50
"565",552,"Krokorok","Ground","Dark",351,60,82,45,45,45,74,5,"False",90,1,33.4,50
"566",553,"Krookodile","Ground","Dark",519,95,117,80,65,70,92,5,"False",45,1.5,96.3,50
"567",554,"Darumaka","Fire","",315,70,90,45,15,45,50,5,"False",120,0.6,37.5,50
"568",555,"DarmanitanStandard Mode","Fire","",480,105,140,55,30,55,95,5,"False",60,1.3,92.9,50
"569",555,"DarmanitanZen Mode","Fire","Psychic",540,105,30,105,140,105,55,5,"False",60,1.3,92.9,50
"570",556,"Maractus","Grass","",461,75,86,67,106,67,60,5,"False",255,1,28,50
"571",557,"Dwebble","Bug","Rock",325,50,65,85,35,35,55,5,"False",190,0.3,14.5,50
"572",558,"Crustle","Bug","Rock",475,70,95,125,65,75,45,5,"False",75,1.4,200,50
"573",559,"Scraggy","Dark","Fighting",348,50,75,70,35,70,48,5,"False",180,0.6,11.8,50
"574",560,"Scrafty","Dark","Fighting",488,65,90,115,45,115,58,5,"False",90,1.1,30,50
"575",561,"Sigilyph","Psychic","Flying",490,72,58,80,103,80,97,5,"False",45,1.4,14,50
"576",562,"Yamask","Ghost","",303,38,30,85,55,65,30,5,"False",190,0.5,1.5,50
"577",563,"Cofagrigus","Ghost","",483,58,50,145,95,105,30,5,"False",90,1.7,76.5,50
"578",564,"Tirtouga","Water","Rock",355,54,78,103,53,45,22,5,"False",45,0.7,16.5,88.1
"579",565,"Carracosta","Water","Rock",495,74,108,133,83,65,32,5,"False",45,1.2,81,88.1
"580",566,"Archen","Rock","Flying",401,55,112,45,74,45,70,5,"False",45,0.5,9.5,88.1
"581",567,"Archeops","Rock","Flying",567,75,140,65,112,65,110,5,"False",45,1.4,32,88.1
"582",568,"Trubbish","Poison","",329,50,50,62,40,62,65,5,"False",190,0.6,31,50
"583",569,"Garbodor","Poison","",474,80,95,82,60,82,75,5,"False",60,1.9,107.3,50
"584",570,"Zorua","Dark","",330,40,65,40,80,40,65,5,"False",75,0.7,12.5,88.1
"585",571,"Zoroark","Dark","",510,60,105,60,120,60,105,5,"False",45,1.6,81.1,88.1
"586",572,"Minccino","Normal","",300,55,50,40,40,40,75,5,"False",255,0.4,5.8,24.6
"587",573,"Cinccino","Normal","",470,75,95,60,65,60,115,5,"False",60,0.5,7.5,24.6
"588",574,"Gothita","Psychic","",290,45,30,50,55,65,45,5,"False",200,0.4,5.8,24.6
"589",575,"Gothorita","Psychic","",390,60,45,70,75,85,55,5,"False",100,0.7,18,24.6
"590",576,"Gothitelle","Psychic","",490,70,55,95,95,110,65,5,"False",50,1.5,44,24.6
"591",577,"Solosis","Psychic","",290,45,30,40,105,50,20,5,"False",200,0.3,1,50
"592",578,"Duosion","Psychic","",370,65,40,50,125,60,30,5,"False",100,0.6,8,50
"593",579,"Reuniclus","Psychic","",490,110,65,75,125,85,30,5,"False",50,1,20.1,50
"594",580,"Ducklett","Water","Flying",305,62,44,50,44,50,55,5,"False",190,0.5,5.5,50
"595",581,"Swanna","Water","Flying",473,75,87,63,87,63,98,5,"False",45,1.3,24.2,50
"596",582,"Vanillite","Ice","",305,36,50,50,65,60,44,5,"False",255,0.4,5.7,50
"597",583,"Vanillish","Ice","",395,51,65,65,80,75,59,5,"False",120,1.1,41,50
"598",584,"Vanilluxe","Ice","",535,71,95,85,110,95,79,5,"False",45,1.3,57.5,50
"599",585,"Deerling","Normal","Grass",335,60,60,50,40,50,75,5,"False",190,0.6,19.5,50
"600",586,"Sawsbuck","Normal","Grass",475,80,100,70,60,70,95,5,"False",75,1.9,92.5,50
"601",587,"Emolga","Electric","Flying",428,55,75,60,75,60,103,5,"False",200,0.4,5,50
"602",588,"Karrablast","Bug","",315,50,75,45,40,45,60,5,"False",200,0.5,5.9,50
"603",589,"Escavalier","Bug","Steel",495,70,135,105,60,105,20,5,"False",75,1,33,50
"604",590,"Foongus","Grass","Poison",294,69,55,45,55,55,15,5,"False",190,0.2,1,50
"605",591,"Amoonguss","Grass","Poison",464,114,85,70,85,80,30,5,"False",75,0.6,10.5,50
"606",592,"Frillish","Water","Ghost",335,55,40,50,65,85,40,5,"False",190,1.2,33,50
"607",593,"Jellicent","Water","Ghost",480,100,60,70,85,105,60,5,"False",60,2.2,135,50
"608",594,"Alomomola","Water","",470,165,75,80,40,45,65,5,"False",75,1.2,31.6,50
"609",595,"Joltik","Bug","Electric",319,50,47,50,57,50,65,5,"False",190,0.1,0.6,50
"610",596,"Galvantula","Bug","Electric",472,70,77,60,97,60,108,5,"False",75,0.8,14.3,50
"611",597,"Ferroseed","Grass","Steel",305,44,50,91,24,86,10,5,"False",255,0.6,18.8,50
"612",598,"Ferrothorn","Grass","Steel",489,74,94,131,54,116,20,5,"False",90,1,110,50
"613",599,"Klink","Steel","",300,40,55,70,45,60,30,5,"False",130,0.3,21,NA
"614",600,"Klang","Steel","",440,60,80,95,70,85,50,5,"False",60,0.6,51,NA
"615",601,"Klinklang","Steel","",520,60,100,115,70,85,90,5,"False",30,0.6,81,NA
"616",602,"Tynamo","Electric","",275,35,55,40,45,40,60,5,"False",190,0.2,0.3,50
"617",603,"Eelektrik","Electric","",405,65,85,70,75,70,40,5,"False",60,1.2,22,50
"618",604,"Eelektross","Electric","",515,85,115,80,105,80,50,5,"False",30,2.1,80.5,50
"619",605,"Elgyem","Psychic","",335,55,55,55,85,55,30,5,"False",255,0.5,9,50
"620",606,"Beheeyem","Psychic","",485,75,75,75,125,95,40,5,"False",90,1,34.5,50
"621",607,"Litwick","Ghost","Fire",275,50,30,55,65,55,20,5,"False",190,0.3,3.1,50
"622",608,"Lampent","Ghost","Fire",370,60,40,60,95,60,55,5,"False",90,0.6,13,50
"623",609,"Chandelure","Ghost","Fire",520,60,55,90,145,90,80,5,"False",45,1,34.3,50
"624",610,"Axew","Dragon","",320,46,87,60,30,40,57,5,"False",75,0.6,18,50
"625",611,"Fraxure","Dragon","",410,66,117,70,40,50,67,5,"False",60,1,36,50
"626",612,"Haxorus","Dragon","",540,76,147,90,60,70,97,5,"False",45,1.8,105.5,50
"627",613,"Cubchoo","Ice","",305,55,70,40,60,40,40,5,"False",120,0.5,8.5,50
"628",614,"Beartic","Ice","",485,95,110,80,70,80,50,5,"False",60,2.6,260,50
"629",615,"Cryogonal","Ice","",485,70,50,30,95,135,105,5,"False",25,1.1,148,NA
"630",616,"Shelmet","Bug","",305,50,40,85,40,65,25,5,"False",200,0.4,7.7,50
"631",617,"Accelgor","Bug","",495,80,70,40,100,60,145,5,"False",75,0.8,25.3,50
"632",618,"Stunfisk","Ground","Electric",471,109,66,84,81,99,32,5,"False",75,0.7,11,50
"633",619,"Mienfoo","Fighting","",350,45,85,50,55,50,65,5,"False",180,0.9,20,50
"634",620,"Mienshao","Fighting","",510,65,125,60,95,60,105,5,"False",45,1.4,35.5,50
"635",621,"Druddigon","Dragon","",485,77,120,90,60,90,48,5,"False",45,1.6,139,50
"636",622,"Golett","Ground","Ghost",303,59,74,50,35,50,35,5,"False",190,1,92,NA
"637",623,"Golurk","Ground","Ghost",483,89,124,80,55,80,55,5,"False",90,2.8,330,NA
"638",624,"Pawniard","Dark","Steel",340,45,85,70,40,40,60,5,"False",120,0.5,10.2,50
"639",625,"Bisharp","Dark","Steel",490,65,125,100,60,70,70,5,"False",45,1.6,70,50
"640",626,"Bouffalant","Normal","",490,95,110,95,40,95,55,5,"False",45,1.6,94.6,50
"641",627,"Rufflet","Normal","Flying",350,70,83,50,37,50,60,5,"False",190,0.5,10.5,100
"642",628,"Braviary","Normal","Flying",510,100,123,75,57,75,80,5,"False",60,1.5,41,100
"643",629,"Vullaby","Dark","Flying",370,70,55,75,45,65,60,5,"False",190,0.5,9,0
"644",630,"Mandibuzz","Dark","Flying",510,110,65,105,55,95,80,5,"False",60,1.2,39.5,0
"645",631,"Heatmor","Fire","",484,85,97,66,105,66,65,5,"False",90,1.4,58,50
"646",632,"Durant","Bug","Steel",484,58,109,112,48,48,109,5,"False",90,0.3,33,50
"647",633,"Deino","Dark","Dragon",300,52,65,50,45,50,38,5,"False",45,0.8,17.3,50
"648",634,"Zweilous","Dark","Dragon",420,72,85,70,65,70,58,5,"False",45,1.4,50,50
"649",635,"Hydreigon","Dark","Dragon",600,92,105,90,125,90,98,5,"False",45,1.8,160,50
"650",636,"Larvesta","Bug","Fire",360,55,85,55,50,55,60,5,"False",45,1.1,28.8,50
"651",637,"Volcarona","Bug","Fire",550,85,60,65,135,105,100,5,"False",15,1.6,46,50
"652",638,"Cobalion","Steel","Fighting",580,91,90,129,90,72,108,5,"True",3,2.1,250,NA
"653",639,"Terrakion","Rock","Fighting",580,91,129,90,72,90,108,5,"True",3,1.9,260,NA
"654",640,"Virizion","Grass","Fighting",580,91,90,72,90,129,108,5,"True",3,2,200,NA
"655",641,"TornadusIncarnate Forme","Flying","",580,79,115,70,125,80,111,5,"True",3,1.5,63,100
"656",641,"TornadusTherian Forme","Flying","",580,79,100,80,110,90,121,5,"True",3,1.5,63,100
"657",642,"ThundurusIncarnate Forme","Electric","Flying",580,79,115,70,125,80,111,5,"True",3,1.5,61,100
"658",642,"ThundurusTherian Forme","Electric","Flying",580,79,105,70,145,80,101,5,"True",3,1.5,61,100
"659",643,"Reshiram","Dragon","Fire",680,100,120,100,150,120,90,5,"True",3,3.2,330,NA
"660",644,"Zekrom","Dragon","Electric",680,100,150,120,120,100,90,5,"True",3,2.9,345,NA
"661",645,"LandorusIncarnate Forme","Ground","Flying",600,89,125,90,115,80,101,5,"True",3,1.5,68,100
"662",645,"LandorusTherian Forme","Ground","Flying",600,89,145,90,105,80,91,5,"True",3,1.5,68,100
"663",646,"Kyurem","Dragon","Ice",660,125,130,90,130,90,95,5,"True",3,3,325,NA
"664",646,"KyuremBlack Kyurem","Dragon","Ice",700,125,170,100,120,90,95,5,"True",3,3,325,NA
"665",646,"KyuremWhite Kyurem","Dragon","Ice",700,125,120,90,170,100,95,5,"True",3,3,325,NA
"666",647,"KeldeoOrdinary Forme","Water","Fighting",580,91,72,90,129,90,108,5,"False",3,1.4,48.5,NA
"667",647,"KeldeoResolute Forme","Water","Fighting",580,91,72,90,129,90,108,5,"False",3,1.4,48.5,NA
"668",648,"MeloettaAria Forme","Normal","Psychic",600,100,77,77,128,128,90,5,"False",3,0.6,6.5,NA
"669",648,"MeloettaPirouette Forme","Normal","Fighting",600,100,128,90,77,77,128,5,"False",3,0.6,6.5,NA
"670",649,"Genesect","Bug","Steel",600,71,120,95,120,95,99,5,"False",3,1.5,82.5,NA
"671",650,"Chespin","Grass","",313,56,61,65,48,45,38,6,"False",45,0.4,9,88.1
"672",651,"Quilladin","Grass","",405,61,78,95,56,58,57,6,"False",45,0.7,29,88.1
"673",652,"Chesnaught","Grass","Fighting",530,88,107,122,74,75,64,6,"False",45,1.6,90,88.1
"674",653,"Fennekin","Fire","",307,40,45,40,62,60,60,6,"False",45,0.4,9.4,88.1
"675",654,"Braixen","Fire","",409,59,59,58,90,70,73,6,"False",45,1,14.5,88.1
"676",655,"Delphox","Fire","Psychic",534,75,69,72,114,100,104,6,"False",45,1.5,39,88.1
"677",656,"Froakie","Water","",314,41,56,40,62,44,71,6,"False",45,0.3,7,88.1
"678",657,"Frogadier","Water","",405,54,63,52,83,56,97,6,"False",45,0.6,10.9,88.1
"679",658,"Greninja","Water","Dark",530,72,95,67,103,71,122,6,"False",45,1.5,40,88.1
"680",659,"Bunnelby","Normal","",237,38,36,38,32,36,57,6,"False",255,0.4,5,50
"681",660,"Diggersby","Normal","Ground",423,85,56,77,50,77,78,6,"False",127,1,42.4,50
"682",661,"Fletchling","Normal","Flying",278,45,50,43,40,38,62,6,"False",255,0.3,1.7,50
"683",662,"Fletchinder","Fire","Flying",382,62,73,55,56,52,84,6,"False",120,0.7,16,50
"684",663,"Talonflame","Fire","Flying",499,78,81,71,74,69,126,6,"False",45,1.2,24.5,50
"685",664,"Scatterbug","Bug","",200,38,35,40,27,25,35,6,"False",255,0.3,2.5,50
"686",665,"Spewpa","Bug","",213,45,22,60,27,30,29,6,"False",120,0.3,8.4,50
"687",666,"Vivillon","Bug","Flying",411,80,52,50,90,50,89,6,"False",45,1.2,17,50
"688",667,"Litleo","Fire","Normal",369,62,50,58,73,54,72,6,"False",220,0.6,13.5,11.2
"689",668,"Pyroar","Fire","Normal",507,86,68,72,109,66,106,6,"False",65,1.5,81.5,11.2
"690",669,"Flabébé","Fairy","",303,44,38,39,61,79,42,6,"False",225,0.1,0.1,0
"691",670,"Floette","Fairy","",371,54,45,47,75,98,52,6,"False",120,0.2,0.9,0
"692",671,"Florges","Fairy","",552,78,65,68,112,154,75,6,"False",45,1.1,10,0
"693",672,"Skiddo","Grass","",350,66,65,48,62,57,52,6,"False",200,0.9,31,50
"694",673,"Gogoat","Grass","",531,123,100,62,97,81,68,6,"False",45,1.7,91,50
"695",674,"Pancham","Fighting","",348,67,82,62,46,48,43,6,"False",220,0.6,8,50
"696",675,"Pangoro","Fighting","Dark",495,95,124,78,69,71,58,6,"False",65,2.1,136,50
"697",676,"Furfrou","Normal","",472,75,80,60,65,90,102,6,"False",160,1.2,28,50
"698",677,"Espurr","Psychic","",355,62,48,54,63,60,68,6,"False",190,0.3,3.5,50
"699",678,"MeowsticMale","Psychic","",466,74,48,76,83,81,104,6,"False",75,0.6,8.5,50
"700",678,"MeowsticFemale","Psychic","",466,74,48,76,83,81,104,6,"False",75,0.6,8.5,50
"701",679,"Honedge","Steel","Ghost",325,45,80,100,35,37,28,6,"False",180,0.8,2,50
"702",680,"Doublade","Steel","Ghost",448,59,110,150,45,49,35,6,"False",90,0.8,4.5,50
"703",681,"AegislashBlade Forme","Steel","Ghost",520,60,150,50,150,50,60,6,"False",45,1.7,53,50
"704",681,"AegislashShield Forme","Steel","Ghost",520,60,50,150,50,150,60,6,"False",45,1.7,53,50
"705",682,"Spritzee","Fairy","",341,78,52,60,63,65,23,6,"False",200,0.2,0.5,50
"706",683,"Aromatisse","Fairy","",462,101,72,72,99,89,29,6,"False",140,0.8,15.5,50
"707",684,"Swirlix","Fairy","",341,62,48,66,59,57,49,6,"False",200,0.4,3.5,50
"708",685,"Slurpuff","Fairy","",480,82,80,86,85,75,72,6,"False",140,0.8,5,50
"709",686,"Inkay","Dark","Psychic",288,53,54,53,37,46,45,6,"False",190,0.4,3.5,50
"710",687,"Malamar","Dark","Psychic",482,86,92,88,68,75,73,6,"False",80,1.5,47,50
"711",688,"Binacle","Rock","Water",306,42,52,67,39,56,50,6,"False",120,0.5,31,50
"712",689,"Barbaracle","Rock","Water",500,72,105,115,54,86,68,6,"False",45,1.3,96,50
"713",690,"Skrelp","Poison","Water",320,50,60,60,60,60,30,6,"False",225,0.5,7.3,50
"714",691,"Dragalge","Poison","Dragon",494,65,75,90,97,123,44,6,"False",55,1.8,81.5,50
"715",692,"Clauncher","Water","",330,50,53,62,58,63,44,6,"False",225,0.5,8.3,50
"716",693,"Clawitzer","Water","",500,71,73,88,120,89,59,6,"False",55,1.3,35.3,50
"717",694,"Helioptile","Electric","Normal",289,44,38,33,61,43,70,6,"False",190,0.5,6,50
"718",695,"Heliolisk","Electric","Normal",481,62,55,52,109,94,109,6,"False",75,1,21,50
"719",696,"Tyrunt","Rock","Dragon",362,58,89,77,45,45,48,6,"False",45,0.8,26,88.1
"720",697,"Tyrantrum","Rock","Dragon",521,82,121,119,69,59,71,6,"False",45,2.5,270,88.1
"721",698,"Amaura","Rock","Ice",362,77,59,50,67,63,46,6,"False",45,1.3,25.2,88.1
"722",699,"Aurorus","Rock","Ice",521,123,77,72,99,92,58,6,"False",45,2.7,225,88.1
"723",700,"Sylveon","Fairy","",525,95,65,65,110,130,60,6,"False",45,1,23.5,88.1
"724",701,"Hawlucha","Fighting","Flying",500,78,92,75,74,63,118,6,"False",100,0.8,21.5,50
"725",702,"Dedenne","Electric","Fairy",431,67,58,57,81,67,101,6,"False",180,0.2,2.2,50
"726",703,"Carbink","Rock","Fairy",500,50,50,150,50,150,50,6,"False",60,0.3,5.7,NA
"727",704,"Goomy","Dragon","",300,45,50,35,55,75,40,6,"False",45,0.3,2.8,50
"728",705,"Sliggoo","Dragon","",452,68,75,53,83,113,60,6,"False",45,0.8,17.5,50
"729",706,"Goodra","Dragon","",600,90,100,70,110,150,80,6,"False",45,2,150.5,50
"730",707,"Klefki","Steel","Fairy",470,57,80,91,80,87,75,6,"False",75,0.2,3,50
"731",708,"Phantump","Ghost","Grass",309,43,70,48,50,60,38,6,"False",120,0.4,7,50
"732",709,"Trevenant","Ghost","Grass",474,85,110,76,65,82,56,6,"False",60,1.5,71,50
"733",710,"PumpkabooAverage Size","Ghost","Grass",335,49,66,70,44,55,51,6,"False",120,0.8,15,50
"734",710,"PumpkabooSmall Size","Ghost","Grass",335,44,66,70,44,55,56,6,"False",120,0.8,15,50
"735",710,"PumpkabooLarge Size","Ghost","Grass",335,54,66,70,44,55,46,6,"False",120,0.8,15,50
"736",710,"PumpkabooSuper Size","Ghost","Grass",335,59,66,70,44,55,41,6,"False",120,0.8,15,50
"737",711,"GourgeistAverage Size","Ghost","Grass",494,65,90,122,58,75,84,6,"False",60,1.7,39,50
"738",711,"GourgeistSmall Size","Ghost","Grass",494,55,85,122,58,75,99,6,"False",60,1.7,39,50
"739",711,"GourgeistLarge Size","Ghost","Grass",494,75,95,122,58,75,69,6,"False",60,1.7,39,50
"740",711,"GourgeistSuper Size","Ghost","Grass",494,85,100,122,58,75,54,6,"False",60,1.7,39,50
"741",712,"Bergmite","Ice","",304,55,69,85,32,35,28,6,"False",190,1,99.5,50
"742",713,"Avalugg","Ice","",514,95,117,184,44,46,28,6,"False",55,2,505,50
"743",714,"Noibat","Flying","Dragon",245,40,30,35,45,40,55,6,"False",190,0.5,8,50
"744",715,"Noivern","Flying","Dragon",535,85,70,80,97,80,123,6,"False",45,1.5,85,50
"745",716,"Xerneas","Fairy","",680,126,131,95,131,98,99,6,"True",45,3,215,NA
"746",717,"Yveltal","Dark","Flying",680,126,131,95,131,98,99,6,"True",45,5.8,203,NA
"747",718,"Zygarde50% Forme","Dragon","Ground",600,108,100,121,81,95,95,6,"True",3,5,284.6,NA
"748",719,"Diancie","Rock","Fairy",600,50,100,150,100,150,50,6,"True",3,0.7,8.8,NA
"749",720,"HoopaHoopa Confined","Psychic","Ghost",600,80,110,60,150,130,70,6,"True",3,NA,NA,NA
"750",720,"HoopaHoopa Unbound","Psychic","Dark",680,80,160,60,170,130,80,6,"True",3,NA,NA,NA
"751",721,"Volcanion","Fire","Water",600,80,110,120,130,90,70,6,"True",3,1.7,195,NA
